x1,x2,y1,y2,gi,gj
6237.0,10560.0,441.0,3039.0,399.0,0.0
1245.0,4923.0,2757.0,3978.0,397.0,0.0
3036.0,6237.0,801.0,2757.0,398.0,0.0
4923.0,7734.0,3039.0,3519.0,396.0,0.0
10665.0,11064.0,441.0,2985.0,395.0,0.0
2100.0,3036.0,948.0,1815.0,394.0,0.0
144.0,1245.0,3252.0,3930.0,393.0,0.0
4923.0,6879.0,3519.0,3720.0,392.0,0.0
4923.0,6237.0,2757.0,3039.0,391.0,0.0
1977.0,3036.0,2439.0,2757.0,390.0,0.0
4431.0,6237.0,624.0,801.0,389.0,0.0
7734.0,9147.0,3039.0,3189.0,388.0,0.0
2574.0,2943.0,1962.0,2439.0,387.0,0.0
7083.0,7863.0,219.0,441.0,386.0,0.0
4923.0,5577.0,3720.0,3930.0,385.0,0.0
621.0,1245.0,3054.0,3252.0,384.0,0.0
2415.0,4194.0,3978.0,4029.0,382.0,0.0
5160.0,6237.0,537.0,624.0,383.0,0.0
10560.0,10665.0,2235.0,3027.0,381.0,0.0
3699.0,4431.0,717.0,801.0,380.0,0.0
1611.0,1977.0,2592.0,2757.0,379.0,0.0
6651.0,6996.0,267.0,441.0,378.0,0.0
2625.0,2916.0,759.0,948.0,377.0,0.0
7734.0,8469.0,3189.0,3261.0,376.0,0.0
9147.0,9882.0,3039.0,3111.0,376.0,1.0
48.0,144.0,3381.0,3927.0,375.0,0.0
7302.0,7527.0,0.0,219.0,374.0,0.0
882.0,1245.0,2925.0,3054.0,373.0,0.0
5931.0,6198.0,369.0,537.0,372.0,0.0
0.0,48.0,3009.0,3924.0,371.0,0.0
6870.0,7020.0,0.0,264.0,370.0,0.0
2343.0,2574.0,2271.0,2439.0,369.0,0.0
5565.0,5844.0,408.0,537.0,368.0,0.0
3363.0,3642.0,672.0,801.0,368.0,1.0
4101.0,4371.0,588.0,717.0,367.0,0.0
4833.0,5100.0,495.0,624.0,366.0,0.0
6285.0,6564.0,318.0,441.0,365.0,0.0
2280.0,2535.0,816.0,948.0,364.0,0.0
2100.0,2190.0,585.0,948.0,363.0,0.0
5256.0,5550.0,222.0,318.0,362.0,0.0
2841.0,2946.0,492.0,753.0,361.0,0.0
6354.0,6639.0,81.0,174.0,360.0,0.0
6006.0,6270.0,129.0,228.0,359.0,0.0
2049.0,2283.0,2187.0,2298.0,358.0,0.0
5643.0,5922.0,174.0,267.0,357.0,0.0
3846.0,4014.0,564.0,717.0,356.0,0.0
3072.0,3348.0,492.0,585.0,355.0,0.0
4536.0,4818.0,315.0,405.0,354.0,0.0
5304.0,5478.0,393.0,537.0,353.0,0.0
4575.0,4746.0,480.0,624.0,352.0,0.0
1833.0,1932.0,2187.0,2433.0,351.0,0.0
3804.0,4092.0,405.0,489.0,350.0,0.0
4908.0,5181.0,267.0,354.0,349.0,0.0
3432.0,3720.0,447.0,528.0,348.0,0.0
2349.0,2607.0,585.0,675.0,347.0,0.0
213.0,447.0,3009.0,3108.0,346.0,0.0
951.0,1188.0,2685.0,2781.0,345.0,0.0
4179.0,4449.0,363.0,447.0,344.0,0.0
579.0,825.0,2856.0,2946.0,343.0,0.0
3120.0,3276.0,660.0,801.0,342.0,0.0
2193.0,2328.0,2022.0,2184.0,341.0,0.0
5577.0,6225.0,3720.0,3753.0,340.0,0.0
2973.0,3852.0,4029.0,4053.0,339.0,0.0
1476.0,1569.0,2352.0,2577.0,338.0,0.0
504.0,621.0,3087.0,3252.0,337.0,0.0
753.0,861.0,2685.0,2856.0,336.0,0.0
366.0,486.0,2856.0,3009.0,335.0,0.0
1113.0,1227.0,2526.0,2682.0,334.0,0.0
2412.0,2574.0,2022.0,2127.0,333.0,0.0
6879.0,7296.0,3519.0,3558.0,332.0,0.0
1857.0,2415.0,3978.0,4005.0,331.0,0.0
1686.0,1833.0,2352.0,2451.0,330.0,0.0
9147.0,9513.0,3111.0,3150.0,329.0,0.0
7734.0,8100.0,3261.0,3300.0,329.0,1.0
1314.0,1476.0,2526.0,2613.0,328.0,0.0
675.0,1245.0,3930.0,3954.0,327.0,0.0
48.0,117.0,3009.0,3198.0,326.0,0.0
3480.0,3666.0,603.0,672.0,325.0,0.0
6729.0,6870.0,39.0,126.0,323.0,0.0
5682.0,5868.0,342.0,408.0,324.0,0.0
8469.0,8808.0,3189.0,3225.0,322.0,0.0
9882.0,10221.0,3039.0,3075.0,322.0,1.0
6306.0,6591.0,255.0,297.0,321.0,0.0
2943.0,3036.0,2313.0,2439.0,318.0,0.0
2700.0,2841.0,534.0,618.0,320.0,0.0
4950.0,5127.0,429.0,495.0,317.0,0.0
4218.0,4395.0,522.0,588.0,317.0,1.0
7155.0,7302.0,0.0,78.0,316.0,0.0
2190.0,2256.0,585.0,753.0,313.0,0.0
2301.0,2562.0,750.0,795.0,319.0,0.0
165.0,417.0,3186.0,3231.0,315.0,0.0
6048.0,6216.0,303.0,369.0,314.0,0.0
999.0,1158.0,2856.0,2925.0,312.0,0.0
2916.0,3036.0,858.0,948.0,310.0,0.0
1998.0,2256.0,2376.0,2418.0,311.0,0.0
10560.0,10566.0,441.0,2235.0,309.0,0.0
1362.0,1524.0,2691.0,2757.0,308.0,0.0
7734.0,7818.0,3300.0,3423.0,307.0,0.0
1728.0,1890.0,2526.0,2592.0,308.0,1.0
3729.0,3846.0,630.0,717.0,306.0,0.0
4194.0,4581.0,3978.0,4002.0,305.0,0.0
4458.0,4575.0,546.0,624.0,304.0,0.0
5187.0,5304.0,459.0,537.0,304.0,1.0
2364.0,2574.0,2208.0,2250.0,303.0,0.0
5406.0,5523.0,318.0,393.0,300.0,0.0
3003.0,3120.0,726.0,801.0,300.0,1.0
4677.0,4791.0,405.0,480.0,299.0,0.0
7107.0,7302.0,153.0,198.0,301.0,0.0
528.0,795.0,3021.0,3054.0,302.0,0.0
3948.0,4062.0,489.0,564.0,299.0,1.0
5397.0,5574.0,174.0,222.0,298.0,0.0
3582.0,3693.0,528.0,603.0,297.0,0.0
6504.0,6606.0,174.0,255.0,295.0,0.0
2982.0,3036.0,1815.0,1968.0,294.0,0.0
4296.0,4467.0,315.0,363.0,292.0,0.0
4923.0,5265.0,3930.0,3954.0,293.0,0.0
6672.0,6870.0,204.0,246.0,296.0,0.0
2472.0,2631.0,534.0,585.0,291.0,0.0
5784.0,5892.0,267.0,342.0,290.0,0.0
4674.0,4842.0,267.0,315.0,289.0,0.0
6126.0,6294.0,81.0,129.0,289.0,1.0
5763.0,5940.0,129.0,174.0,288.0,0.0
6996.0,7083.0,351.0,441.0,287.0,0.0
3204.0,3372.0,447.0,492.0,285.0,0.0
3933.0,4110.0,363.0,405.0,284.0,0.0
2649.0,2790.0,684.0,738.0,286.0,0.0
3561.0,3738.0,405.0,447.0,284.0,1.0
5031.0,5196.0,222.0,267.0,283.0,0.0
4320.0,4419.0,447.0,522.0,282.0,0.0
5052.0,5151.0,354.0,429.0,282.0,1.0
6486.0,6660.0,39.0,81.0,281.0,0.0
3222.0,3318.0,585.0,660.0,280.0,0.0
7527.0,7863.0,198.0,219.0,279.0,0.0
6150.0,6243.0,228.0,303.0,278.0,0.0
7020.0,7071.0,0.0,132.0,277.0,0.0
2943.0,2973.0,2028.0,2250.0,276.0,0.0
2946.0,2994.0,492.0,630.0,275.0,0.0
2496.0,2580.0,675.0,750.0,274.0,0.0
1833.0,1896.0,2433.0,2526.0,273.0,0.0
1932.0,1977.0,2187.0,2316.0,272.0,0.0
3393.0,3477.0,582.0,651.0,271.0,0.0
4863.0,4950.0,408.0,474.0,270.0,0.0
1641.0,1728.0,2505.0,2571.0,270.0,1.0
912.0,999.0,2838.0,2904.0,270.0,2.0
4131.0,4218.0,501.0,567.0,270.0,3.0
1275.0,1362.0,2670.0,2736.0,270.0,4.0
5595.0,5682.0,321.0,387.0,270.0,5.0
723.0,798.0,2946.0,3021.0,269.0,0.0
4491.0,4572.0,456.0,525.0,268.0,0.0
5961.0,6048.0,282.0,348.0,270.0,6.0
1476.0,1527.0,2577.0,2685.0,266.0,0.0
3759.0,3846.0,546.0,609.0,265.0,0.0
3036.0,3120.0,639.0,705.0,267.0,0.0
6225.0,6528.0,3720.0,3738.0,264.0,0.0
5217.0,5304.0,375.0,438.0,265.0,1.0
6879.0,6939.0,3558.0,3648.0,262.0,0.0
2535.0,2625.0,888.0,948.0,263.0,0.0
5577.0,5634.0,3753.0,3846.0,261.0,0.0
2094.0,2343.0,2418.0,2439.0,260.0,0.0
3252.0,3678.0,4053.0,4065.0,259.0,0.0
261.0,504.0,3231.0,3252.0,258.0,0.0
1569.0,1608.0,2352.0,2475.0,257.0,0.0
2196.0,2256.0,2298.0,2376.0,256.0,0.0
10665.0,10869.0,2985.0,3006.0,255.0,0.0
1101.0,1158.0,2781.0,2856.0,253.0,0.0
5634.0,5919.0,3753.0,3768.0,254.0,0.0
363.0,417.0,3108.0,3186.0,251.0,0.0
7296.0,7497.0,3519.0,3540.0,252.0,0.0
1509.0,1857.0,3978.0,3990.0,250.0,0.0
6564.0,6651.0,396.0,441.0,249.0,0.0
6402.0,6582.0,297.0,318.0,248.0,0.0
8100.0,8271.0,3261.0,3282.0,247.0,0.0
9513.0,9684.0,3111.0,3132.0,247.0,1.0
9147.0,9345.0,3150.0,3168.0,246.0,0.0
6198.0,6237.0,447.0,537.0,245.0,0.0
954.0,1245.0,3954.0,3966.0,244.0,0.0
2976.0,3036.0,801.0,858.0,243.0,0.0
5844.0,5931.0,498.0,537.0,242.0,0.0
1158.0,1245.0,2886.0,2925.0,242.0,1.0
117.0,150.0,3009.0,3111.0,240.0,0.0
2790.0,2841.0,693.0,759.0,241.0,0.0
2136.0,2415.0,4005.0,4017.0,239.0,0.0
2694.0,2973.0,4029.0,4041.0,239.0,1.0
396.0,675.0,3930.0,3942.0,239.0,2.0
2394.0,2553.0,795.0,816.0,238.0,0.0
1524.0,1611.0,2721.0,2757.0,237.0,0.0
48.0,78.0,3198.0,3300.0,236.0,0.0
10221.0,10389.0,3039.0,3057.0,235.0,0.0
9882.0,10050.0,3075.0,3093.0,235.0,1.0
8469.0,8637.0,3225.0,3243.0,235.0,2.0
8808.0,8949.0,3189.0,3210.0,234.0,0.0
2190.0,2226.0,753.0,831.0,233.0,0.0
6939.0,7125.0,3558.0,3573.0,232.0,0.0
861.0,891.0,2685.0,2778.0,231.0,0.0
2256.0,2286.0,585.0,675.0,230.0,0.0
7818.0,7866.0,3300.0,3354.0,229.0,0.0
4194.0,4365.0,4002.0,4017.0,228.0,0.0
4371.0,4431.0,675.0,717.0,227.0,0.0
7734.0,7776.0,3423.0,3483.0,226.0,0.0
2328.0,2352.0,2022.0,2124.0,225.0,0.0
3642.0,3699.0,759.0,801.0,223.0,0.0
2460.0,2574.0,2250.0,2271.0,224.0,0.0
6681.0,6777.0,180.0,204.0,222.0,0.0
1227.0,1254.0,2526.0,2610.0,221.0,0.0
486.0,513.0,2856.0,2940.0,221.0,1.0
2373.0,2466.0,2184.0,2208.0,220.0,0.0
1950.0,1977.0,2511.0,2592.0,219.0,0.0
6315.0,6405.0,231.0,255.0,218.0,0.0
6768.0,6870.0,246.0,267.0,217.0,0.0
7200.0,7302.0,198.0,219.0,217.0,1.0
5265.0,5439.0,3930.0,3942.0,216.0,0.0
2007.0,2094.0,2352.0,2376.0,215.0,0.0
4581.0,4752.0,3978.0,3990.0,214.0,0.0
3852.0,4023.0,4029.0,4041.0,214.0,1.0
4923.0,5094.0,3954.0,3966.0,214.0,2.0
2316.0,2343.0,2343.0,2418.0,213.0,0.0
174.0,258.0,3162.0,3186.0,212.0,0.0
534.0,615.0,2997.0,3021.0,210.0,0.0
480.0,504.0,3150.0,3231.0,209.0,0.0
2310.0,2385.0,726.0,750.0,208.0,0.0
5100.0,5160.0,591.0,624.0,211.0,0.0
7116.0,7191.0,129.0,153.0,208.0,1.0
2505.0,2574.0,2127.0,2151.0,206.0,0.0
2256.0,2280.0,879.0,948.0,205.0,0.0
1383.0,1476.0,2613.0,2631.0,207.0,0.0
2601.0,2625.0,819.0,888.0,205.0,1.0
7020.0,7044.0,132.0,201.0,205.0,2.0
6528.0,6711.0,3720.0,3729.0,204.0,0.0
4014.0,4041.0,564.0,624.0,203.0,0.0
3339.0,3363.0,735.0,801.0,201.0,0.0
6627.0,6651.0,330.0,396.0,201.0,1.0
120.0,144.0,3315.0,3381.0,201.0,2.0
1584.0,1611.0,2664.0,2721.0,199.0,0.0
858.0,882.0,2988.0,3054.0,201.0,3.0
2994.0,3012.0,492.0,582.0,202.0,0.0
5904.0,5931.0,441.0,498.0,199.0,1.0
5538.0,5565.0,480.0,537.0,199.0,2.0
7071.0,7092.0,0.0,75.0,200.0,0.0
4080.0,4101.0,645.0,717.0,196.0,0.0
6420.0,6504.0,174.0,192.0,198.0,0.0
7062.0,7083.0,279.0,351.0,196.0,1.0
4812.0,4833.0,552.0,624.0,196.0,2.0
1221.0,1245.0,2823.0,2886.0,197.0,0.0
3018.0,3036.0,2232.0,2313.0,194.0,0.0
2946.0,2973.0,630.0,684.0,195.0,0.0
2973.0,2985.0,2079.0,2199.0,192.0,0.0
285.0,363.0,3108.0,3126.0,191.0,0.0
3504.0,3582.0,528.0,546.0,191.0,1.0
1023.0,1101.0,2781.0,2799.0,191.0,2.0
7866.0,7986.0,3300.0,3312.0,193.0,0.0
6264.0,6285.0,375.0,441.0,190.0,0.0
5478.0,5502.0,393.0,450.0,189.0,0.0
3015.0,3036.0,1968.0,2034.0,190.0,1.0
4746.0,4767.0,480.0,543.0,187.0,0.0
2283.0,2307.0,2184.0,2241.0,189.0,1.0
2121.0,2196.0,2298.0,2316.0,188.0,0.0
3147.0,3222.0,585.0,603.0,188.0,1.0
5331.0,5406.0,318.0,336.0,188.0,2.0
1758.0,1833.0,2451.0,2469.0,188.0,3.0
7227.0,7302.0,78.0,96.0,188.0,4.0
1932.0,1953.0,2316.0,2379.0,187.0,1.0
2436.0,2496.0,675.0,696.0,184.0,0.0
516.0,621.0,3054.0,3066.0,186.0,0.0
4968.0,5052.0,354.0,369.0,185.0,0.0
3276.0,3297.0,660.0,720.0,183.0,0.0
1719.0,1857.0,3990.0,3999.0,182.0,0.0
4251.0,4320.0,447.0,465.0,181.0,0.0
5715.0,5784.0,267.0,285.0,181.0,1.0
654.0,723.0,2946.0,2964.0,181.0,2.0
2772.0,2841.0,618.0,636.0,181.0,3.0
1890.0,1950.0,2571.0,2592.0,184.0,1.0
3879.0,3948.0,489.0,507.0,181.0,4.0
7497.0,7599.0,3519.0,3531.0,179.0,0.0
6081.0,6150.0,228.0,246.0,181.0,5.0
3390.0,3594.0,4065.0,4071.0,180.0,0.0
6804.0,6870.0,126.0,144.0,177.0,0.0
5577.0,5604.0,3846.0,3891.0,178.0,0.0
2658.0,2724.0,666.0,684.0,177.0,1.0
4611.0,4677.0,405.0,423.0,177.0,2.0
10665.0,10758.0,3006.0,3018.0,174.0,0.0
6939.0,6966.0,3573.0,3615.0,176.0,0.0
1527.0,1545.0,2577.0,2640.0,175.0,0.0
5919.0,6042.0,3753.0,3762.0,173.0,0.0
2256.0,2316.0,2400.0,2418.0,170.0,0.0
6879.0,6912.0,3648.0,3681.0,172.0,0.0
6225.0,6345.0,3738.0,3747.0,171.0,0.0
2739.0,2790.0,738.0,759.0,169.0,0.0
6270.0,6291.0,129.0,180.0,168.0,0.0
10869.0,10983.0,2985.0,2994.0,167.0,0.0
9147.0,9231.0,3168.0,3180.0,166.0,0.0
8271.0,8355.0,3261.0,3273.0,166.0,1.0
5634.0,5658.0,3768.0,3810.0,165.0,0.0
9684.0,9768.0,3111.0,3123.0,166.0,2.0
8949.0,9033.0,3189.0,3201.0,166.0,3.0
1569.0,1587.0,2475.0,2529.0,163.0,0.0
447.0,468.0,3009.0,3057.0,164.0,0.0
5550.0,5568.0,222.0,276.0,163.0,1.0
1188.0,1206.0,2682.0,2736.0,163.0,2.0
417.0,480.0,3216.0,3231.0,162.0,0.0
78.0,96.0,3198.0,3252.0,163.0,3.0
1977.0,1986.0,2187.0,2292.0,161.0,0.0
1092.0,1245.0,3966.0,3972.0,160.0,0.0
7296.0,7395.0,3540.0,3549.0,159.0,0.0
1608.0,1617.0,2352.0,2451.0,158.0,0.0
3348.0,3366.0,492.0,540.0,156.0,0.0
4818.0,4839.0,315.0,357.0,157.0,0.0
1896.0,1914.0,2433.0,2481.0,156.0,1.0
825.0,843.0,2856.0,2904.0,156.0,2.0
5922.0,5940.0,174.0,222.0,156.0,3.0
5658.0,5799.0,3768.0,3774.0,155.0,0.0
2832.0,2973.0,4041.0,4047.0,155.0,1.0
2607.0,2625.0,585.0,633.0,156.0,4.0
2190.0,2208.0,831.0,879.0,156.0,5.0
813.0,954.0,3954.0,3960.0,155.0,2.0
3111.0,3252.0,4053.0,4059.0,155.0,3.0
534.0,675.0,3942.0,3948.0,155.0,4.0
1998.0,2136.0,4005.0,4011.0,154.0,0.0
2556.0,2694.0,4029.0,4035.0,154.0,1.0
2277.0,2415.0,4017.0,4023.0,154.0,2.0
258.0,396.0,3930.0,3936.0,154.0,3.0
1371.0,1509.0,3978.0,3984.0,154.0,4.0
5634.0,5643.0,174.0,264.0,152.0,0.0
6639.0,6660.0,81.0,120.0,153.0,0.0
7818.0,7839.0,3354.0,3393.0,153.0,1.0
8469.0,8553.0,3243.0,3252.0,150.0,0.0
4365.0,4452.0,4002.0,4011.0,151.0,0.0
10389.0,10473.0,3039.0,3048.0,150.0,1.0
6720.0,6729.0,39.0,123.0,149.0,0.0
9882.0,9966.0,3093.0,3102.0,150.0,2.0
9513.0,9597.0,3132.0,3141.0,150.0,3.0
8100.0,8184.0,3282.0,3291.0,150.0,4.0
10050.0,10134.0,3075.0,3084.0,150.0,5.0
10221.0,10305.0,3057.0,3066.0,150.0,6.0
8637.0,8721.0,3225.0,3234.0,150.0,7.0
9345.0,9429.0,3150.0,3159.0,150.0,8.0
48.0,57.0,3300.0,3381.0,148.0,0.0
4170.0,4179.0,363.0,444.0,148.0,1.0
6606.0,6621.0,174.0,222.0,147.0,0.0
1464.0,1476.0,2631.0,2691.0,146.0,0.0
117.0,135.0,3111.0,3150.0,145.0,0.0
4449.0,4464.0,363.0,411.0,147.0,1.0
5181.0,5196.0,267.0,315.0,147.0,2.0
2562.0,2574.0,2151.0,2208.0,144.0,0.0
3720.0,3738.0,447.0,486.0,145.0,1.0
4092.0,4107.0,405.0,450.0,143.0,0.0
3714.0,3729.0,672.0,717.0,143.0,1.0
3000.0,3018.0,2277.0,2313.0,142.0,0.0
417.0,435.0,3108.0,3144.0,142.0,1.0
7125.0,7194.0,3558.0,3567.0,138.0,0.0
3765.0,3807.0,531.0,546.0,141.0,0.0
3318.0,3333.0,585.0,627.0,139.0,0.0
4419.0,4434.0,447.0,489.0,139.0,1.0
1158.0,1173.0,2781.0,2823.0,139.0,2.0
2841.0,2943.0,753.0,759.0,137.0,0.0
7776.0,7797.0,3423.0,3453.0,140.0,0.0
7734.0,7755.0,3483.0,3513.0,140.0,1.0
5892.0,5907.0,267.0,309.0,139.0,3.0
1680.0,1686.0,2352.0,2448.0,133.0,0.0
2256.0,2271.0,675.0,714.0,135.0,0.0
5151.0,5166.0,354.0,393.0,135.0,1.0
4062.0,4080.0,489.0,522.0,136.0,0.0
861.0,876.0,2778.0,2817.0,135.0,2.0
2226.0,2241.0,753.0,792.0,135.0,3.0
6000.0,6006.0,129.0,225.0,133.0,1.0
6966.0,7059.0,3573.0,3579.0,132.0,0.0
2457.0,2505.0,2127.0,2139.0,134.0,0.0
6405.0,6453.0,243.0,255.0,134.0,1.0
6777.0,6822.0,192.0,204.0,130.0,0.0
2385.0,2430.0,738.0,750.0,130.0,1.0
5220.0,5280.0,366.0,375.0,131.0,0.0
258.0,303.0,3174.0,3186.0,130.0,2.0
5523.0,5535.0,318.0,363.0,126.0,0.0
2580.0,2595.0,675.0,711.0,127.0,0.0
3693.0,3708.0,528.0,564.0,127.0,1.0
6243.0,6261.0,228.0,258.0,128.0,0.0
4443.0,4458.0,588.0,624.0,127.0,2.0
2094.0,2130.0,2361.0,2376.0,129.0,0.0
4791.0,4803.0,405.0,450.0,126.0,1.0
1596.0,1611.0,2628.0,2664.0,127.0,3.0
918.0,963.0,2826.0,2838.0,130.0,3.0
2466.0,2511.0,2196.0,2208.0,130.0,4.0
4572.0,4617.0,468.0,480.0,130.0,5.0
7191.0,7236.0,141.0,153.0,130.0,6.0
5175.0,5187.0,492.0,537.0,126.0,2.0
615.0,660.0,3009.0,3021.0,130.0,7.0
5265.0,5352.0,3942.0,3948.0,125.0,0.0
2256.0,2268.0,2298.0,2343.0,126.0,3.0
798.0,813.0,2946.0,2982.0,127.0,4.0
4923.0,5010.0,3966.0,3972.0,125.0,1.0
573.0,579.0,2856.0,2943.0,124.0,0.0
5094.0,5181.0,3954.0,3960.0,125.0,2.0
4530.0,4536.0,315.0,402.0,124.0,1.0
5964.0,6021.0,273.0,282.0,123.0,0.0
4194.0,4281.0,4017.0,4023.0,125.0,3.0
3678.0,3765.0,4053.0,4059.0,125.0,4.0
2376.0,2433.0,2175.0,2184.0,123.0,1.0
5598.0,5655.0,312.0,321.0,123.0,2.0
4902.0,4908.0,267.0,351.0,119.0,0.0
1278.0,1335.0,2661.0,2670.0,123.0,3.0
6684.0,6741.0,171.0,180.0,123.0,4.0
1965.0,1977.0,2469.0,2511.0,120.0,0.0
2331.0,2343.0,2301.0,2343.0,120.0,1.0
4581.0,4665.0,3990.0,3996.0,122.0,0.0
4137.0,4179.0,489.0,501.0,121.0,0.0
2916.0,2928.0,759.0,801.0,120.0,2.0
5439.0,5523.0,3930.0,3936.0,122.0,1.0
4752.0,4836.0,3978.0,3984.0,122.0,2.0
3852.0,3936.0,4041.0,4047.0,122.0,3.0
8808.0,8892.0,3210.0,3216.0,122.0,4.0
1644.0,1686.0,2493.0,2505.0,121.0,1.0
5919.0,5931.0,399.0,441.0,120.0,3.0
4023.0,4107.0,4029.0,4035.0,122.0,5.0
1362.0,1404.0,2679.0,2691.0,121.0,2.0
2991.0,3003.0,759.0,801.0,120.0,4.0
6216.0,6228.0,303.0,345.0,120.0,5.0
5553.0,5565.0,438.0,480.0,120.0,6.0
1227.0,1242.0,2610.0,2643.0,118.0,0.0
3000.0,3015.0,1968.0,2001.0,118.0,1.0
2694.0,2700.0,534.0,615.0,116.0,0.0
6318.0,6372.0,222.0,231.0,117.0,0.0
2943.0,2958.0,1995.0,2028.0,118.0,2.0
3798.0,3804.0,405.0,486.0,116.0,1.0
3024.0,3036.0,666.0,705.0,114.0,0.0
2943.0,2955.0,2250.0,2289.0,114.0,1.0
4866.0,4920.0,399.0,408.0,117.0,1.0
3666.0,3678.0,603.0,642.0,114.0,2.0
4950.0,4989.0,417.0,429.0,115.0,0.0
4800.0,4812.0,585.0,624.0,114.0,3.0
4014.0,4026.0,624.0,663.0,114.0,4.0
5100.0,5112.0,495.0,534.0,114.0,5.0
3846.0,3885.0,552.0,564.0,115.0,1.0
7050.0,7062.0,312.0,351.0,114.0,6.0
6048.0,6087.0,291.0,303.0,115.0,2.0
4218.0,4257.0,510.0,522.0,115.0,3.0
1728.0,1767.0,2514.0,2526.0,115.0,4.0
4479.0,4491.0,486.0,525.0,114.0,7.0
486.0,498.0,2940.0,2979.0,114.0,8.0
7044.0,7056.0,132.0,171.0,114.0,9.0
2946.0,2958.0,684.0,723.0,114.0,10.0
2010.0,2061.0,2343.0,2352.0,113.0,0.0
5682.0,5721.0,330.0,342.0,115.0,5.0
6870.0,7017.0,264.0,267.0,111.0,0.0
4395.0,4407.0,522.0,558.0,109.0,0.0
1629.0,1641.0,2535.0,2571.0,109.0,1.0
4065.0,4080.0,687.0,717.0,112.0,0.0
2400.0,2436.0,675.0,687.0,110.0,0.0
5868.0,5880.0,342.0,378.0,109.0,2.0
2244.0,2256.0,912.0,948.0,109.0,3.0
3039.0,3075.0,627.0,639.0,110.0,1.0
1581.0,1719.0,3990.0,3993.0,108.0,0.0
5127.0,5139.0,429.0,465.0,109.0,4.0
2268.0,2280.0,843.0,879.0,109.0,5.0
5007.0,5052.0,369.0,378.0,107.0,0.0
3120.0,3165.0,651.0,660.0,107.0,1.0
1230.0,1245.0,2796.0,2823.0,106.0,0.0
3477.0,3522.0,594.0,603.0,107.0,2.0
5304.0,5349.0,384.0,393.0,107.0,3.0
3399.0,3444.0,573.0,582.0,107.0,4.0
4494.0,4539.0,447.0,456.0,107.0,5.0
4371.0,4386.0,588.0,615.0,106.0,1.0
129.0,144.0,3288.0,3315.0,106.0,2.0
870.0,882.0,2955.0,2988.0,103.0,0.0
492.0,504.0,3117.0,3150.0,103.0,1.0
177.0,222.0,3153.0,3162.0,107.0,6.0
4851.0,4863.0,441.0,474.0,103.0,2.0
2613.0,2625.0,786.0,819.0,103.0,3.0
5949.0,5961.0,315.0,348.0,103.0,4.0
6459.0,6504.0,192.0,201.0,107.0,7.0
7866.0,7932.0,3312.0,3318.0,105.0,0.0
5844.0,5856.0,408.0,441.0,103.0,5.0
6639.0,6651.0,297.0,330.0,103.0,6.0
999.0,1032.0,2844.0,2856.0,104.0,0.0
7599.0,7665.0,3519.0,3525.0,105.0,1.0
3381.0,3393.0,618.0,651.0,103.0,7.0
3642.0,3654.0,672.0,705.0,103.0,8.0
5583.0,5595.0,354.0,387.0,103.0,9.0
108.0,120.0,3348.0,3381.0,103.0,10.0
1263.0,1275.0,2703.0,2736.0,103.0,11.0
4767.0,4779.0,480.0,513.0,103.0,12.0
900.0,912.0,2871.0,2904.0,103.0,13.0
6252.0,6264.0,408.0,441.0,103.0,14.0
7020.0,7032.0,201.0,234.0,103.0,15.0
2589.0,2601.0,855.0,888.0,103.0,16.0
321.0,363.0,3126.0,3135.0,102.0,0.0
3351.0,3363.0,702.0,735.0,103.0,17.0
3540.0,3582.0,546.0,555.0,102.0,1.0
1422.0,1464.0,2631.0,2640.0,102.0,2.0
1059.0,1101.0,2799.0,2808.0,102.0,3.0
540.0,582.0,2988.0,2997.0,102.0,4.0
6345.0,6468.0,3738.0,3741.0,101.0,0.0
6528.0,6651.0,3729.0,3732.0,101.0,1.0
3747.0,3759.0,579.0,609.0,97.0,0.0
6711.0,6831.0,3720.0,3723.0,100.0,0.0
846.0,858.0,3024.0,3054.0,97.0,1.0
1953.0,1968.0,2316.0,2340.0,98.0,0.0
1209.0,1221.0,2856.0,2886.0,97.0,2.0
5205.0,5217.0,408.0,438.0,97.0,3.0
6042.0,6102.0,3753.0,3759.0,99.0,0.0
4119.0,4131.0,537.0,567.0,97.0,4.0
6615.0,6627.0,366.0,396.0,97.0,5.0
3327.0,3339.0,771.0,801.0,97.0,6.0
468.0,480.0,3186.0,3216.0,97.0,7.0
2283.0,2295.0,2241.0,2271.0,97.0,8.0
2313.0,2352.0,717.0,726.0,96.0,0.0
3024.0,3036.0,2034.0,2064.0,97.0,9.0
3840.0,3879.0,489.0,498.0,96.0,1.0
1545.0,1557.0,2577.0,2607.0,97.0,10.0
2328.0,2340.0,2124.0,2154.0,97.0,11.0
5292.0,5331.0,318.0,327.0,96.0,2.0
5478.0,5490.0,450.0,480.0,97.0,12.0
2157.0,2196.0,2316.0,2325.0,96.0,3.0
246.0,285.0,3108.0,3117.0,96.0,4.0
5367.0,5406.0,336.0,345.0,96.0,5.0
3183.0,3222.0,603.0,612.0,96.0,6.0
9231.0,9288.0,3168.0,3174.0,95.0,0.0
6765.0,6804.0,126.0,135.0,96.0,7.0
1827.0,1833.0,2469.0,2526.0,94.0,0.0
9768.0,9825.0,3111.0,3117.0,95.0,1.0
9033.0,9090.0,3189.0,3195.0,95.0,2.0
7986.0,8043.0,3300.0,3306.0,95.0,3.0
6996.0,7008.0,267.0,294.0,90.0,0.0
8355.0,8412.0,3261.0,3267.0,95.0,4.0
10869.0,10926.0,2994.0,3000.0,95.0,5.0
5679.0,5715.0,267.0,276.0,92.0,0.0
7191.0,7227.0,78.0,87.0,92.0,1.0
6273.0,6285.0,348.0,375.0,90.0,1.0
987.0,1023.0,2781.0,2790.0,92.0,2.0
5604.0,5616.0,3846.0,3873.0,90.0,2.0
10560.0,10614.0,3027.0,3033.0,93.0,0.0
10758.0,10812.0,3006.0,3012.0,93.0,1.0
4041.0,4053.0,564.0,591.0,90.0,3.0
3297.0,3306.0,660.0,696.0,89.0,0.0
2736.0,2772.0,618.0,627.0,92.0,3.0
3111.0,3147.0,585.0,594.0,92.0,4.0
1722.0,1758.0,2451.0,2460.0,92.0,5.0
3468.0,3504.0,528.0,537.0,92.0,6.0
2046.0,2049.0,2187.0,2295.0,88.0,0.0
6384.0,6420.0,174.0,183.0,92.0,7.0
2085.0,2121.0,2298.0,2307.0,92.0,8.0
1347.0,1383.0,2613.0,2622.0,92.0,9.0
7266.0,7302.0,96.0,105.0,92.0,10.0
6879.0,6897.0,3681.0,3699.0,91.0,0.0
4575.0,4611.0,405.0,414.0,92.0,11.0
4215.0,4251.0,447.0,456.0,92.0,12.0
7119.0,7155.0,120.0,129.0,92.0,13.0
618.0,654.0,2946.0,2955.0,92.0,14.0
6045.0,6081.0,228.0,237.0,92.0,15.0
4746.0,4755.0,543.0,576.0,86.0,0.0
4821.0,4833.0,525.0,552.0,90.0,4.0
7074.0,7083.0,246.0,279.0,86.0,1.0
7071.0,7080.0,75.0,108.0,86.0,2.0
2724.0,2757.0,675.0,684.0,87.0,0.0
2307.0,2316.0,2367.0,2400.0,86.0,3.0
5502.0,5511.0,393.0,426.0,86.0,4.0
5751.0,5784.0,285.0,294.0,87.0,1.0
2307.0,2316.0,2184.0,2217.0,86.0,5.0
6117.0,6150.0,246.0,255.0,87.0,2.0
4092.0,4101.0,612.0,645.0,86.0,6.0
3915.0,3948.0,507.0,516.0,87.0,3.0
1575.0,1584.0,2688.0,2721.0,86.0,7.0
2985.0,2988.0,2091.0,2187.0,83.0,0.0
1941.0,1950.0,2538.0,2571.0,86.0,8.0
4818.0,4830.0,357.0,381.0,84.0,0.0
1206.0,1218.0,2682.0,2706.0,84.0,1.0
3276.0,3288.0,720.0,744.0,84.0,2.0
1476.0,1524.0,2685.0,2691.0,85.0,0.0
690.0,723.0,2964.0,2973.0,87.0,4.0
6270.0,6282.0,180.0,204.0,84.0,3.0
6822.0,6870.0,198.0,204.0,85.0,1.0
1587.0,1599.0,2475.0,2499.0,84.0,4.0
3459.0,3552.0,4071.0,4074.0,82.0,0.0
57.0,66.0,3300.0,3330.0,78.0,0.0
2193.0,2283.0,2184.0,2187.0,81.0,0.0
1797.0,1827.0,2469.0,2478.0,80.0,0.0
4290.0,4320.0,465.0,474.0,80.0,1.0
2973.0,2982.0,630.0,660.0,78.0,1.0
5151.0,5160.0,561.0,591.0,78.0,2.0
6840.0,6870.0,144.0,153.0,80.0,2.0
5895.0,5904.0,468.0,498.0,78.0,3.0
3030.0,3036.0,2187.0,2232.0,77.0,0.0
1932.0,1941.0,2379.0,2409.0,78.0,4.0
96.0,105.0,3198.0,3228.0,78.0,5.0
447.0,459.0,3057.0,3081.0,84.0,5.0
2811.0,2841.0,636.0,645.0,80.0,3.0
2967.0,2976.0,828.0,858.0,78.0,6.0
5526.0,5538.0,516.0,537.0,74.0,0.0
6966.0,6981.0,3579.0,3597.0,79.0,0.0
5577.0,5592.0,3891.0,3909.0,79.0,1.0
6639.0,6648.0,120.0,150.0,78.0,7.0
4635.0,4677.0,423.0,429.0,75.0,0.0
6198.0,6207.0,369.0,399.0,78.0,8.0
7839.0,7851.0,3354.0,3375.0,74.0,1.0
4452.0,4494.0,4002.0,4008.0,75.0,1.0
1161.0,1245.0,3972.0,3975.0,76.0,0.0
2535.0,2547.0,816.0,837.0,74.0,2.0
5658.0,5736.0,3774.0,3777.0,72.0,0.0
6564.0,6573.0,318.0,345.0,73.0,0.0
4422.0,4431.0,648.0,675.0,73.0,1.0
2658.0,2700.0,660.0,666.0,75.0,2.0
2640.0,2649.0,711.0,738.0,73.0,2.0
5568.0,5574.0,222.0,261.0,71.0,0.0
6864.0,6870.0,0.0,39.0,71.0,1.0
1113.0,1188.0,2682.0,2685.0,70.0,0.0
2484.0,2556.0,4029.0,4032.0,67.0,0.0
7866.0,7881.0,3318.0,3333.0,69.0,0.0
6939.0,6954.0,3615.0,3630.0,69.0,1.0
7152.0,7155.0,0.0,75.0,68.0,0.0
7395.0,7431.0,3540.0,3546.0,66.0,0.0
3348.0,3357.0,540.0,564.0,63.0,0.0
3180.0,3252.0,4059.0,4062.0,67.0,1.0
6912.0,6927.0,3648.0,3663.0,69.0,2.0
5550.0,5559.0,276.0,300.0,63.0,1.0
4944.0,4968.0,354.0,363.0,65.0,0.0
10665.0,10701.0,3018.0,3024.0,66.0,1.0
5223.0,5247.0,357.0,366.0,65.0,1.0
2472.0,2496.0,696.0,705.0,65.0,2.0
6243.0,6252.0,258.0,282.0,63.0,2.0
468.0,477.0,3009.0,3033.0,63.0,3.0
3720.0,3729.0,486.0,510.0,63.0,4.0
78.0,87.0,3252.0,3276.0,63.0,5.0
5922.0,5931.0,222.0,246.0,63.0,6.0
2208.0,2217.0,831.0,855.0,63.0,7.0
843.0,852.0,2856.0,2880.0,63.0,8.0
2562.0,2571.0,750.0,774.0,63.0,9.0
186.0,258.0,3930.0,3933.0,67.0,2.0
5634.0,5646.0,3810.0,3828.0,64.0,0.0
1914.0,1923.0,2433.0,2457.0,63.0,10.0
117.0,126.0,3150.0,3174.0,63.0,11.0
2607.0,2616.0,633.0,657.0,63.0,12.0
2994.0,3003.0,582.0,606.0,63.0,13.0
1569.0,1578.0,2529.0,2553.0,63.0,14.0
3042.0,3111.0,4053.0,4056.0,62.0,0.0
6621.0,6630.0,174.0,198.0,63.0,15.0
1188.0,1197.0,2736.0,2760.0,63.0,16.0
1302.0,1371.0,3978.0,3981.0,62.0,1.0
2208.0,2277.0,4017.0,4020.0,62.0,2.0
2763.0,2832.0,4041.0,4044.0,62.0,3.0
1788.0,1857.0,3999.0,4002.0,62.0,4.0
606.0,675.0,3948.0,3951.0,62.0,5.0
885.0,954.0,3960.0,3963.0,62.0,6.0
465.0,534.0,3942.0,3945.0,62.0,7.0
2346.0,2415.0,4023.0,4026.0,62.0,8.0
1440.0,1509.0,3984.0,3987.0,62.0,9.0
327.0,396.0,3936.0,3939.0,62.0,10.0
2904.0,2973.0,4047.0,4050.0,62.0,11.0
744.0,813.0,3954.0,3957.0,62.0,12.0
3321.0,3390.0,4065.0,4068.0,62.0,13.0
1929.0,1998.0,4005.0,4008.0,62.0,14.0
1023.0,1092.0,3966.0,3969.0,62.0,15.0
2625.0,2694.0,4035.0,4038.0,62.0,16.0
7497.0,7566.0,3531.0,3534.0,62.0,17.0
1650.0,1719.0,3993.0,3996.0,62.0,18.0
2067.0,2136.0,4011.0,4014.0,62.0,19.0
3366.0,3372.0,492.0,525.0,59.0,0.0
3807.0,3840.0,540.0,546.0,60.0,0.0
7194.0,7227.0,3558.0,3564.0,60.0,1.0
2529.0,2562.0,2151.0,2157.0,60.0,2.0
1281.0,1314.0,2655.0,2661.0,60.0,3.0
7296.0,7329.0,3549.0,3555.0,60.0,4.0
2991.0,3000.0,2292.0,2313.0,57.0,0.0
2130.0,2196.0,2373.0,2376.0,61.0,0.0
4062.0,4071.0,522.0,543.0,57.0,1.0
6687.0,6708.0,162.0,171.0,58.0,0.0
417.0,426.0,3144.0,3165.0,57.0,2.0
2268.0,2277.0,2298.0,2319.0,57.0,3.0
2955.0,2964.0,2250.0,2271.0,57.0,4.0
3705.0,3714.0,696.0,717.0,57.0,5.0
4803.0,4812.0,405.0,426.0,57.0,6.0
1527.0,1536.0,2640.0,2661.0,57.0,7.0
5535.0,5544.0,318.0,339.0,57.0,8.0
6591.0,6600.0,255.0,276.0,57.0,9.0
825.0,834.0,2904.0,2925.0,57.0,10.0
2190.0,2199.0,879.0,900.0,57.0,11.0
4869.0,4899.0,393.0,399.0,55.0,0.0
10473.0,10503.0,3039.0,3045.0,55.0,1.0
7098.0,7107.0,177.0,198.0,57.0,12.0
303.0,363.0,3183.0,3186.0,56.0,0.0
1896.0,1905.0,2481.0,2502.0,57.0,13.0
8100.0,8130.0,3291.0,3297.0,55.0,2.0
5919.0,5979.0,3762.0,3765.0,56.0,1.0
6345.0,6405.0,3741.0,3744.0,56.0,2.0
6321.0,6351.0,216.0,222.0,55.0,3.0
6711.0,6771.0,3723.0,3726.0,56.0,3.0
5967.0,5997.0,267.0,273.0,55.0,4.0
10389.0,10419.0,3048.0,3054.0,55.0,5.0
8184.0,8214.0,3282.0,3288.0,55.0,6.0
9597.0,9627.0,3132.0,3138.0,55.0,7.0
8721.0,8751.0,3225.0,3231.0,55.0,8.0
5799.0,5859.0,3768.0,3771.0,56.0,4.0
5658.0,5670.0,3777.0,3792.0,54.0,0.0
8637.0,8667.0,3234.0,3240.0,55.0,9.0
5601.0,5631.0,306.0,312.0,55.0,10.0
6102.0,6162.0,3753.0,3756.0,56.0,5.0
9513.0,9543.0,3141.0,3147.0,55.0,11.0
2625.0,2631.0,585.0,615.0,53.0,0.0
8553.0,8610.0,3243.0,3246.0,52.0,0.0
2379.0,2409.0,2169.0,2175.0,55.0,12.0
6225.0,6285.0,3747.0,3750.0,56.0,6.0
10134.0,10164.0,3075.0,3081.0,55.0,13.0
10305.0,10362.0,3057.0,3060.0,52.0,1.0
8949.0,9006.0,3201.0,3204.0,52.0,2.0
8271.0,8328.0,3273.0,3276.0,52.0,3.0
9429.0,9486.0,3150.0,3153.0,52.0,4.0
5169.0,5175.0,510.0,537.0,48.0,0.0
6528.0,6588.0,3732.0,3735.0,56.0,7.0
10050.0,10107.0,3084.0,3087.0,52.0,5.0
10983.0,11040.0,2985.0,2988.0,52.0,6.0
9966.0,10023.0,3093.0,3096.0,52.0,7.0
10221.0,10275.0,3066.0,3069.0,51.0,0.0
9882.0,9909.0,3102.0,3108.0,50.0,0.0
3033.0,3036.0,2064.0,2118.0,47.0,0.0
6228.0,6237.0,303.0,321.0,49.0,0.0
3477.0,3480.0,603.0,657.0,47.0,1.0
2295.0,2301.0,768.0,795.0,48.0,1.0
7776.0,7785.0,3453.0,3471.0,49.0,1.0
5907.0,5916.0,267.0,285.0,49.0,2.0
2928.0,2937.0,759.0,777.0,49.0,3.0
2373.0,2400.0,675.0,681.0,50.0,1.0
9147.0,9201.0,3180.0,3183.0,51.0,1.0
3333.0,3342.0,585.0,603.0,49.0,4.0
9345.0,9372.0,3159.0,3165.0,50.0,2.0
1173.0,1182.0,2781.0,2799.0,49.0,5.0
2358.0,2364.0,2223.0,2250.0,48.0,2.0
8469.0,8496.0,3252.0,3258.0,50.0,3.0
9684.0,9738.0,3123.0,3126.0,51.0,2.0
2973.0,2979.0,2052.0,2079.0,48.0,3.0
8808.0,8835.0,3216.0,3222.0,50.0,4.0
2973.0,2979.0,2199.0,2226.0,48.0,4.0
3693.0,3699.0,732.0,759.0,48.0,5.0
156.0,165.0,3213.0,3231.0,49.0,6.0
3009.0,3018.0,2259.0,2277.0,49.0,7.0
6087.0,6111.0,297.0,303.0,45.0,0.0
3720.0,3729.0,654.0,672.0,49.0,8.0
6453.0,6504.0,252.0,255.0,46.0,0.0
6663.0,6672.0,228.0,246.0,49.0,9.0
4434.0,4443.0,447.0,465.0,49.0,10.0
7755.0,7764.0,3483.0,3501.0,49.0,11.0
2580.0,2586.0,711.0,735.0,43.0,0.0
5112.0,5118.0,495.0,519.0,43.0,1.0
2322.0,2331.0,2325.0,2343.0,49.0,12.0
1992.0,1998.0,2394.0,2418.0,43.0,2.0
2511.0,2562.0,2205.0,2208.0,46.0,1.0
1158.0,1164.0,2823.0,2847.0,43.0,3.0
6405.0,6429.0,237.0,243.0,45.0,1.0
2226.0,2232.0,792.0,816.0,43.0,4.0
1686.0,1710.0,2499.0,2505.0,45.0,2.0
2013.0,2037.0,2337.0,2343.0,45.0,3.0
2481.0,2505.0,2139.0,2145.0,45.0,4.0
2256.0,2262.0,714.0,738.0,43.0,5.0
2385.0,2409.0,732.0,738.0,45.0,5.0
5181.0,5187.0,315.0,339.0,43.0,6.0
5151.0,5157.0,393.0,417.0,43.0,7.0
6300.0,6306.0,273.0,297.0,43.0,8.0
3678.0,3684.0,603.0,627.0,43.0,9.0
4074.0,4080.0,663.0,687.0,43.0,10.0
5913.0,5919.0,417.0,441.0,43.0,11.0
2241.0,2247.0,753.0,777.0,43.0,12.0
2433.0,2457.0,2127.0,2133.0,45.0,6.0
3885.0,3909.0,558.0,564.0,45.0,7.0
4617.0,4641.0,474.0,480.0,45.0,8.0
5166.0,5172.0,354.0,378.0,43.0,13.0
3693.0,3699.0,564.0,588.0,43.0,14.0
4572.0,4575.0,480.0,528.0,42.0,0.0
4452.0,4458.0,564.0,588.0,43.0,15.0
5721.0,5745.0,336.0,342.0,45.0,9.0
1605.0,1611.0,2604.0,2628.0,43.0,16.0
615.0,639.0,3003.0,3009.0,45.0,10.0
4257.0,4281.0,516.0,522.0,45.0,11.0
7818.0,7830.0,3393.0,3405.0,44.0,0.0
2430.0,2454.0,744.0,750.0,45.0,12.0
2466.0,2490.0,2190.0,2196.0,45.0,13.0
1227.0,1233.0,2643.0,2667.0,43.0,17.0
2985.0,2991.0,777.0,801.0,43.0,18.0
861.0,867.0,2817.0,2841.0,43.0,19.0
4092.0,4098.0,450.0,474.0,43.0,20.0
660.0,684.0,3015.0,3021.0,45.0,14.0
135.0,141.0,3111.0,3135.0,43.0,21.0
963.0,987.0,2832.0,2838.0,45.0,15.0
138.0,144.0,3264.0,3288.0,43.0,22.0
876.0,882.0,2778.0,2802.0,43.0,23.0
2958.0,2964.0,684.0,708.0,43.0,24.0
4572.0,4596.0,462.0,468.0,45.0,16.0
1959.0,1965.0,2487.0,2511.0,43.0,25.0
3477.0,3501.0,588.0,594.0,45.0,17.0
7797.0,7812.0,3423.0,3432.0,40.0,0.0
4179.0,4203.0,495.0,501.0,45.0,18.0
4419.0,4425.0,489.0,513.0,43.0,26.0
5547.0,5553.0,456.0,480.0,43.0,27.0
3678.0,3723.0,4059.0,4062.0,41.0,0.0
4107.0,4152.0,4029.0,4032.0,41.0,1.0
1953.0,1962.0,2340.0,2355.0,39.0,0.0
3936.0,3981.0,4041.0,4044.0,41.0,2.0
2988.0,3000.0,1968.0,1980.0,44.0,1.0
1239.0,1245.0,2772.0,2796.0,43.0,28.0
6981.0,7026.0,3579.0,3582.0,41.0,3.0
4836.0,4881.0,3978.0,3981.0,41.0,4.0
5265.0,5310.0,3948.0,3951.0,41.0,5.0
4449.0,4458.0,411.0,426.0,39.0,1.0
2958.0,2967.0,2013.0,2028.0,39.0,2.0
4665.0,4710.0,3990.0,3993.0,41.0,6.0
6606.0,6612.0,222.0,243.0,36.0,0.0
4026.0,4035.0,624.0,639.0,39.0,3.0
5892.0,5901.0,309.0,324.0,39.0,4.0
5010.0,5052.0,3966.0,3969.0,38.0,0.0
7056.0,7065.0,132.0,147.0,39.0,5.0
2595.0,2601.0,675.0,696.0,36.0,1.0
4371.0,4380.0,615.0,630.0,39.0,6.0
2271.0,2280.0,675.0,690.0,39.0,7.0
498.0,507.0,2940.0,2955.0,39.0,8.0
7041.0,7050.0,336.0,351.0,39.0,9.0
4023.0,4065.0,4035.0,4038.0,38.0,1.0
3318.0,3327.0,627.0,642.0,39.0,10.0
798.0,807.0,2982.0,2997.0,39.0,11.0
6483.0,6504.0,201.0,207.0,37.0,0.0
2943.0,2949.0,1974.0,1995.0,36.0,2.0
5439.0,5481.0,3936.0,3939.0,38.0,2.0
4752.0,4794.0,3984.0,3987.0,38.0,3.0
3018.0,3024.0,684.0,705.0,36.0,3.0
4791.0,4800.0,609.0,624.0,39.0,12.0
2130.0,2151.0,2367.0,2373.0,37.0,1.0
5094.0,5136.0,3960.0,3963.0,38.0,4.0
3075.0,3096.0,633.0,639.0,37.0,2.0
4365.0,4407.0,4011.0,4014.0,38.0,5.0
5880.0,5886.0,342.0,363.0,36.0,4.0
180.0,201.0,3147.0,3153.0,37.0,3.0
4581.0,4623.0,3996.0,3999.0,38.0,6.0
4407.0,4413.0,522.0,543.0,36.0,5.0
3852.0,3894.0,4047.0,4050.0,38.0,7.0
2838.0,2841.0,492.0,534.0,35.0,0.0
5352.0,5394.0,3942.0,3945.0,38.0,8.0
918.0,939.0,2820.0,2826.0,37.0,4.0
4194.0,4236.0,4023.0,4026.0,38.0,9.0
4473.0,4479.0,504.0,525.0,36.0,6.0
3120.0,3141.0,645.0,651.0,37.0,5.0
5031.0,5052.0,378.0,384.0,37.0,6.0
5181.0,5223.0,3954.0,3957.0,38.0,10.0
5523.0,5565.0,3930.0,3933.0,38.0,11.0
4494.0,4536.0,4002.0,4005.0,38.0,12.0
3765.0,3807.0,4053.0,4056.0,38.0,13.0
3594.0,3636.0,4065.0,4068.0,38.0,14.0
1767.0,1788.0,2520.0,2526.0,37.0,7.0
3306.0,3312.0,660.0,681.0,36.0,7.0
7236.0,7257.0,147.0,153.0,37.0,8.0
6777.0,6798.0,186.0,192.0,37.0,9.0
7191.0,7212.0,135.0,141.0,37.0,10.0
6291.0,6294.0,129.0,171.0,35.0,1.0
1032.0,1053.0,2850.0,2856.0,37.0,11.0
3399.0,3420.0,567.0,573.0,37.0,12.0
4923.0,4965.0,3972.0,3975.0,38.0,15.0
3708.0,3714.0,528.0,549.0,36.0,8.0
258.0,279.0,3168.0,3174.0,37.0,13.0
6879.0,6888.0,3699.0,3711.0,30.0,0.0
1404.0,1425.0,2685.0,2691.0,37.0,14.0
4989.0,5010.0,423.0,429.0,37.0,15.0
4281.0,4323.0,4017.0,4020.0,38.0,16.0
4464.0,4467.0,363.0,402.0,34.0,0.0
4107.0,4110.0,405.0,441.0,28.0,0.0
5304.0,5325.0,378.0,384.0,37.0,16.0
522.0,528.0,3033.0,3054.0,36.0,9.0
6996.0,7002.0,294.0,312.0,29.0,0.0
5211.0,5217.0,390.0,408.0,29.0,1.0
5616.0,5625.0,3846.0,3858.0,30.0,1.0
2235.0,2244.0,936.0,948.0,30.0,2.0
6621.0,6627.0,348.0,366.0,29.0,2.0
6048.0,6066.0,285.0,291.0,32.0,0.0
5139.0,5148.0,429.0,441.0,30.0,3.0
435.0,441.0,3108.0,3126.0,29.0,3.0
1590.0,1596.0,2646.0,2664.0,29.0,4.0
4437.0,4443.0,606.0,624.0,29.0,5.0
7125.0,7161.0,3567.0,3570.0,33.0,0.0
4218.0,4236.0,504.0,510.0,32.0,1.0
5856.0,5862.0,408.0,426.0,29.0,6.0
3564.0,3582.0,555.0,561.0,32.0,2.0
5589.0,5595.0,336.0,354.0,29.0,7.0
4125.0,4131.0,519.0,537.0,29.0,8.0
5394.0,5406.0,345.0,354.0,31.0,0.0
4665.0,4677.0,429.0,438.0,31.0,1.0
540.0,558.0,2982.0,2988.0,32.0,3.0
1083.0,1101.0,2808.0,2814.0,32.0,4.0
474.0,480.0,3168.0,3186.0,29.0,9.0
2661.0,2679.0,654.0,660.0,32.0,5.0
3654.0,3660.0,672.0,690.0,29.0,10.0
3024.0,3030.0,2214.0,2232.0,29.0,11.0
852.0,858.0,3006.0,3024.0,29.0,12.0
1455.0,1464.0,2640.0,2652.0,30.0,4.0
2337.0,2343.0,2283.0,2301.0,29.0,13.0
2316.0,2322.0,2184.0,2202.0,29.0,14.0
5682.0,5700.0,324.0,330.0,32.0,6.0
4755.0,4761.0,543.0,561.0,29.0,15.0
4779.0,4785.0,480.0,498.0,29.0,16.0
2595.0,2601.0,837.0,855.0,29.0,17.0
7665.0,7701.0,3519.0,3522.0,33.0,1.0
2619.0,2625.0,768.0,786.0,29.0,18.0
5955.0,5961.0,297.0,315.0,29.0,19.0
1647.0,1665.0,2487.0,2493.0,32.0,7.0
6645.0,6651.0,279.0,297.0,29.0,20.0
3333.0,3339.0,753.0,771.0,29.0,21.0
3357.0,3363.0,684.0,702.0,29.0,22.0
498.0,504.0,3099.0,3117.0,29.0,23.0
2250.0,2256.0,894.0,912.0,29.0,24.0
1929.0,1941.0,2562.0,2571.0,31.0,2.0
2583.0,2589.0,870.0,888.0,29.0,25.0
1362.0,1380.0,2673.0,2679.0,32.0,8.0
3387.0,3393.0,600.0,618.0,29.0,26.0
7329.0,7362.0,3549.0,3552.0,27.0,0.0
2187.0,2196.0,2325.0,2337.0,30.0,5.0
876.0,882.0,2937.0,2955.0,29.0,27.0
894.0,900.0,2886.0,2904.0,29.0,28.0
3753.0,3759.0,561.0,579.0,29.0,29.0
114.0,120.0,3330.0,3348.0,29.0,30.0
3375.0,3381.0,633.0,651.0,29.0,31.0
4497.0,4515.0,441.0,447.0,32.0,9.0
2262.0,2268.0,861.0,879.0,29.0,32.0
5532.0,5538.0,498.0,516.0,29.0,33.0
813.0,819.0,2946.0,2964.0,29.0,34.0
7059.0,7092.0,3573.0,3576.0,27.0,1.0
7497.0,7530.0,3534.0,3537.0,27.0,2.0
7599.0,7632.0,3525.0,3528.0,27.0,3.0
1623.0,1629.0,2553.0,2571.0,29.0,35.0
99.0,108.0,3369.0,3381.0,30.0,6.0
4839.0,4842.0,315.0,348.0,26.0,0.0
351.0,363.0,3135.0,3144.0,31.0,3.0
906.0,912.0,2853.0,2871.0,29.0,36.0
1569.0,1575.0,2706.0,2721.0,23.0,0.0
3006.0,3015.0,2001.0,2013.0,30.0,7.0
3321.0,3327.0,786.0,801.0,23.0,1.0
7227.0,7260.0,3558.0,3561.0,27.0,4.0
7431.0,7464.0,3540.0,3543.0,27.0,5.0
5100.0,5106.0,534.0,549.0,23.0,2.0
4791.0,4797.0,450.0,465.0,23.0,3.0
1728.0,1743.0,2508.0,2514.0,24.0,0.0
6279.0,6285.0,333.0,348.0,23.0,4.0
8043.0,8073.0,3300.0,3303.0,25.0,0.0
1242.0,1248.0,2610.0,2625.0,23.0,5.0
1269.0,1275.0,2688.0,2703.0,23.0,6.0
4395.0,4401.0,558.0,573.0,23.0,7.0
3768.0,3783.0,525.0,531.0,24.0,1.0
3096.0,3111.0,585.0,591.0,24.0,2.0
5943.0,5949.0,333.0,348.0,23.0,8.0
2946.0,2952.0,723.0,738.0,23.0,9.0
2997.0,3003.0,744.0,759.0,23.0,10.0
4767.0,4773.0,513.0,528.0,23.0,11.0
3846.0,3861.0,546.0,552.0,24.0,3.0
7044.0,7050.0,171.0,186.0,23.0,12.0
7056.0,7062.0,297.0,312.0,23.0,13.0
1587.0,1593.0,2499.0,2514.0,23.0,14.0
5925.0,5931.0,384.0,399.0,23.0,15.0
3345.0,3351.0,720.0,735.0,23.0,16.0
2961.0,2967.0,843.0,858.0,23.0,17.0
2982.0,2988.0,630.0,645.0,23.0,18.0
6261.0,6267.0,228.0,243.0,23.0,19.0
5127.0,5133.0,465.0,480.0,23.0,20.0
1206.0,1212.0,2706.0,2721.0,23.0,21.0
6246.0,6252.0,426.0,441.0,23.0,22.0
66.0,72.0,3300.0,3315.0,23.0,23.0
10614.0,10644.0,3027.0,3030.0,25.0,1.0
5511.0,5517.0,393.0,408.0,23.0,24.0
5523.0,5529.0,363.0,378.0,23.0,25.0
5136.0,5151.0,585.0,591.0,24.0,4.0
4275.0,4290.0,465.0,471.0,24.0,5.0
4137.0,4167.0,486.0,489.0,25.0,2.0
4806.0,4812.0,570.0,585.0,23.0,26.0
4080.0,4086.0,489.0,504.0,23.0,27.0
1257.0,1263.0,2721.0,2736.0,23.0,28.0
3642.0,3648.0,705.0,720.0,23.0,29.0
5889.0,5895.0,483.0,498.0,23.0,30.0
7251.0,7266.0,96.0,102.0,24.0,6.0
831.0,846.0,3048.0,3054.0,24.0,7.0
4485.0,4491.0,471.0,486.0,23.0,31.0
1215.0,1221.0,2841.0,2856.0,23.0,32.0
4950.0,4965.0,411.0,417.0,24.0,8.0
105.0,111.0,3198.0,3213.0,23.0,33.0
2301.0,2307.0,2385.0,2400.0,23.0,34.0
6648.0,6654.0,120.0,135.0,23.0,35.0
7032.0,7038.0,201.0,216.0,23.0,36.0
10869.0,10899.0,3000.0,3003.0,25.0,3.0
10812.0,10842.0,3006.0,3009.0,25.0,4.0
6600.0,6615.0,390.0,396.0,24.0,9.0
1941.0,1947.0,2379.0,2394.0,23.0,37.0
6258.0,6264.0,393.0,408.0,23.0,38.0
4014.0,4020.0,663.0,678.0,23.0,39.0
4041.0,4047.0,591.0,606.0,23.0,40.0
5490.0,5496.0,450.0,465.0,23.0,41.0
5181.0,5187.0,477.0,492.0,23.0,42.0
4113.0,4119.0,552.0,567.0,23.0,43.0
7986.0,8016.0,3306.0,3309.0,25.0,5.0
2295.0,2301.0,2241.0,2256.0,23.0,44.0
3666.0,3672.0,642.0,657.0,23.0,45.0
1557.0,1563.0,2577.0,2592.0,23.0,46.0
6633.0,6639.0,315.0,330.0,23.0,47.0
486.0,492.0,2979.0,2994.0,23.0,48.0
3207.0,3222.0,612.0,618.0,24.0,10.0
6207.0,6213.0,369.0,384.0,23.0,49.0
1545.0,1551.0,2607.0,2622.0,23.0,50.0
7020.0,7026.0,234.0,249.0,23.0,51.0
4845.0,4851.0,459.0,474.0,23.0,52.0
5559.0,5565.0,423.0,438.0,23.0,53.0
5577.0,5583.0,372.0,387.0,23.0,54.0
5868.0,5874.0,378.0,393.0,23.0,55.0
2283.0,2289.0,2271.0,2286.0,23.0,56.0
7068.0,7074.0,264.0,279.0,23.0,57.0
3276.0,3282.0,744.0,759.0,23.0,58.0
5844.0,5850.0,441.0,456.0,23.0,59.0
2607.0,2613.0,804.0,819.0,23.0,60.0
6270.0,6276.0,204.0,219.0,23.0,61.0
462.0,468.0,3201.0,3216.0,23.0,62.0
864.0,870.0,2973.0,2988.0,23.0,63.0
2328.0,2334.0,2154.0,2169.0,23.0,64.0
7080.0,7086.0,75.0,90.0,23.0,65.0
4827.0,4833.0,510.0,525.0,23.0,66.0
4086.0,4092.0,630.0,645.0,23.0,67.0
1635.0,1641.0,2520.0,2535.0,23.0,68.0
486.0,492.0,3135.0,3150.0,23.0,69.0
2916.0,2922.0,801.0,816.0,23.0,70.0
2256.0,2262.0,2343.0,2358.0,23.0,71.0
6216.0,6222.0,345.0,360.0,23.0,72.0
2340.0,2346.0,2124.0,2139.0,23.0,73.0
9966.0,9993.0,3096.0,3099.0,22.0,0.0
2274.0,2280.0,828.0,843.0,23.0,74.0
4818.0,4824.0,381.0,396.0,23.0,75.0
447.0,453.0,3081.0,3096.0,23.0,76.0
1203.0,1209.0,2871.0,2886.0,23.0,77.0
2190.0,2196.0,933.0,948.0,23.0,78.0
2535.0,2541.0,837.0,852.0,23.0,79.0
3033.0,3036.0,2160.0,2187.0,20.0,0.0
10560.0,10587.0,3033.0,3036.0,22.0,1.0
3030.0,3036.0,651.0,666.0,23.0,80.0
5478.0,5484.0,480.0,495.0,23.0,81.0
4857.0,4863.0,426.0,441.0,23.0,82.0
8130.0,8157.0,3291.0,3294.0,22.0,2.0
9429.0,9456.0,3153.0,3156.0,22.0,3.0
7287.0,7302.0,105.0,111.0,24.0,11.0
10164.0,10191.0,3075.0,3078.0,22.0,4.0
8496.0,8523.0,3252.0,3255.0,22.0,5.0
10419.0,10446.0,3048.0,3051.0,22.0,6.0
2535.0,2544.0,879.0,888.0,21.0,0.0
1971.0,1977.0,2454.0,2469.0,23.0,83.0
2187.0,2196.0,2364.0,2373.0,21.0,1.0
9825.0,9852.0,3111.0,3114.0,22.0,7.0
9909.0,9936.0,3102.0,3105.0,22.0,8.0
9033.0,9060.0,3195.0,3198.0,22.0,9.0
2784.0,2811.0,636.0,639.0,22.0,10.0
4668.0,4677.0,471.0,480.0,21.0,2.0
5577.0,5586.0,3909.0,3918.0,21.0,3.0
7932.0,7959.0,3312.0,3315.0,22.0,11.0
10050.0,10077.0,3087.0,3090.0,22.0,12.0
117.0,144.0,3927.0,3930.0,22.0,13.0
8892.0,8919.0,3210.0,3213.0,22.0,14.0
9090.0,9117.0,3189.0,3192.0,22.0,15.0
6495.0,6504.0,243.0,252.0,21.0,4.0
6777.0,6804.0,135.0,138.0,22.0,16.0
5304.0,5331.0,327.0,330.0,22.0,17.0
8667.0,8694.0,3234.0,3237.0,22.0,18.0
9768.0,9795.0,3117.0,3120.0,22.0,19.0
8553.0,8580.0,3246.0,3249.0,22.0,20.0
10305.0,10332.0,3060.0,3063.0,22.0,21.0
8835.0,8862.0,3216.0,3219.0,22.0,22.0
10758.0,10785.0,3012.0,3015.0,22.0,23.0
8751.0,8778.0,3225.0,3228.0,22.0,24.0
9684.0,9711.0,3126.0,3129.0,22.0,25.0
7851.0,7860.0,3354.0,3363.0,21.0,5.0
1890.0,1899.0,2562.0,2571.0,21.0,6.0
10221.0,10248.0,3069.0,3072.0,22.0,26.0
6141.0,6150.0,294.0,303.0,21.0,7.0
5775.0,5784.0,333.0,342.0,21.0,8.0
6996.0,7005.0,342.0,351.0,21.0,9.0
1455.0,1464.0,2682.0,2691.0,21.0,10.0
1770.0,1797.0,2469.0,2472.0,22.0,27.0
10983.0,11010.0,2988.0,2991.0,22.0,28.0
8271.0,8298.0,3276.0,3279.0,22.0,29.0
9147.0,9174.0,3183.0,3186.0,22.0,30.0
10701.0,10728.0,3018.0,3021.0,22.0,31.0
8355.0,8382.0,3267.0,3270.0,22.0,32.0
4311.0,4320.0,474.0,483.0,21.0,11.0
5100.0,5109.0,582.0,591.0,21.0,12.0
2916.0,2925.0,849.0,858.0,21.0,13.0
5775.0,5784.0,294.0,303.0,21.0,14.0
10926.0,10953.0,2994.0,2997.0,22.0,33.0
8949.0,8976.0,3204.0,3207.0,22.0,34.0
9543.0,9570.0,3141.0,3144.0,22.0,35.0
9372.0,9399.0,3159.0,3162.0,22.0,36.0
8214.0,8241.0,3282.0,3285.0,22.0,37.0
6141.0,6150.0,255.0,264.0,21.0,15.0
6018.0,6045.0,228.0,231.0,22.0,38.0
9231.0,9258.0,3174.0,3177.0,22.0,39.0
2553.0,2562.0,2196.0,2205.0,21.0,16.0
795.0,804.0,3045.0,3054.0,21.0,17.0
1710.0,1722.0,2451.0,2457.0,18.0,0.0
10503.0,10530.0,3039.0,3042.0,22.0,40.0
9288.0,9315.0,3168.0,3171.0,22.0,41.0
9627.0,9654.0,3132.0,3135.0,22.0,42.0
8412.0,8439.0,3261.0,3264.0,22.0,43.0
4056.0,4065.0,708.0,717.0,21.0,18.0
714.0,723.0,3012.0,3021.0,21.0,19.0
1011.0,1023.0,2790.0,2796.0,18.0,1.0
258.0,285.0,3117.0,3120.0,22.0,44.0
4311.0,4320.0,513.0,522.0,21.0,20.0
4413.0,4422.0,666.0,675.0,21.0,21.0
3939.0,3948.0,516.0,525.0,21.0,22.0
2829.0,2841.0,645.0,651.0,18.0,2.0
2109.0,2121.0,2307.0,2313.0,18.0,3.0
717.0,723.0,2973.0,2985.0,17.0,0.0
2133.0,2157.0,2316.0,2319.0,19.0,0.0
6408.0,6420.0,183.0,189.0,18.0,4.0
6864.0,6870.0,153.0,165.0,17.0,1.0
2424.0,2436.0,687.0,693.0,18.0,5.0
2448.0,2472.0,696.0,699.0,19.0,1.0
5043.0,5052.0,420.0,429.0,21.0,23.0
1158.0,1164.0,2874.0,2886.0,17.0,2.0
4371.0,4380.0,666.0,675.0,21.0,24.0
3828.0,3840.0,489.0,495.0,18.0,6.0
6069.0,6081.0,237.0,243.0,18.0,7.0
2553.0,2562.0,2157.0,2166.0,21.0,25.0
3522.0,3546.0,600.0,603.0,19.0,2.0
5355.0,5367.0,336.0,342.0,18.0,8.0
5703.0,5715.0,276.0,282.0,18.0,9.0
2061.0,2073.0,2346.0,2352.0,18.0,10.0
7155.0,7179.0,126.0,129.0,19.0,3.0
4014.0,4026.0,711.0,717.0,18.0,11.0
5655.0,5679.0,267.0,270.0,19.0,4.0
303.0,315.0,3177.0,3183.0,18.0,12.0
3516.0,3540.0,546.0,549.0,19.0,5.0
4053.0,4059.0,564.0,576.0,17.0,3.0
3684.0,3693.0,750.0,759.0,21.0,26.0
2748.0,2772.0,627.0,630.0,19.0,6.0
2790.0,2802.0,687.0,693.0,18.0,13.0
3165.0,3189.0,657.0,660.0,19.0,7.0
3492.0,3504.0,537.0,543.0,18.0,14.0
7167.0,7191.0,78.0,81.0,19.0,8.0
6828.0,6840.0,144.0,150.0,18.0,15.0
2433.0,2445.0,2178.0,2184.0,18.0,16.0
3942.0,3948.0,552.0,564.0,17.0,4.0
5280.0,5292.0,369.0,375.0,18.0,17.0
678.0,690.0,2964.0,2970.0,18.0,18.0
4563.0,4575.0,405.0,411.0,18.0,19.0
6372.0,6384.0,174.0,180.0,18.0,20.0
222.0,234.0,3156.0,3162.0,18.0,21.0
4203.0,4215.0,447.0,453.0,18.0,22.0
2094.0,2118.0,2358.0,2361.0,19.0,9.0
3867.0,3879.0,498.0,504.0,18.0,23.0
6753.0,6765.0,126.0,132.0,18.0,24.0
1335.0,1347.0,2613.0,2619.0,18.0,25.0
6447.0,6459.0,192.0,198.0,18.0,26.0
1746.0,1758.0,2460.0,2466.0,18.0,27.0
1047.0,1059.0,2799.0,2805.0,18.0,28.0
3642.0,3648.0,747.0,759.0,17.0,5.0
234.0,246.0,3108.0,3114.0,18.0,29.0
6741.0,6753.0,174.0,180.0,18.0,30.0
4932.0,4944.0,354.0,360.0,18.0,31.0
4599.0,4611.0,414.0,420.0,18.0,32.0
606.0,618.0,2946.0,2952.0,18.0,33.0
5739.0,5751.0,285.0,291.0,18.0,34.0
3030.0,3033.0,2064.0,2088.0,16.0,0.0
5247.0,5259.0,360.0,366.0,18.0,35.0
7203.0,7227.0,87.0,90.0,19.0,10.0
4239.0,4251.0,456.0,462.0,18.0,36.0
6372.0,6396.0,228.0,231.0,19.0,11.0
2511.0,2523.0,2199.0,2205.0,18.0,37.0
3276.0,3288.0,795.0,801.0,18.0,38.0
2073.0,2085.0,2298.0,2304.0,18.0,39.0
7122.0,7134.0,114.0,120.0,18.0,40.0
1398.0,1422.0,2631.0,2634.0,19.0,12.0
2316.0,2328.0,711.0,717.0,18.0,41.0
1371.0,1383.0,2622.0,2628.0,18.0,42.0
1335.0,1347.0,2664.0,2670.0,18.0,43.0
6573.0,6579.0,318.0,330.0,17.0,6.0
6093.0,6117.0,246.0,249.0,19.0,13.0
4995.0,5007.0,369.0,375.0,18.0,44.0
309.0,321.0,3126.0,3132.0,18.0,45.0
630.0,654.0,2955.0,2958.0,19.0,14.0
4920.0,4932.0,402.0,408.0,18.0,46.0
3891.0,3915.0,507.0,510.0,19.0,15.0
3444.0,3456.0,576.0,582.0,18.0,47.0
963.0,987.0,2781.0,2784.0,19.0,16.0
2289.0,2295.0,783.0,795.0,17.0,7.0
4539.0,4551.0,450.0,456.0,18.0,48.0
2712.0,2736.0,618.0,621.0,19.0,17.0
6708.0,6720.0,165.0,171.0,18.0,49.0
582.0,594.0,2991.0,2997.0,18.0,50.0
5280.0,5292.0,318.0,324.0,18.0,51.0
5349.0,5361.0,387.0,393.0,18.0,52.0
2829.0,2841.0,687.0,693.0,18.0,53.0
7008.0,7014.0,267.0,279.0,17.0,8.0
5199.0,5205.0,426.0,438.0,17.0,9.0
2757.0,2769.0,678.0,684.0,18.0,54.0
6897.0,6903.0,3681.0,3693.0,17.0,10.0
2634.0,2640.0,726.0,738.0,17.0,11.0
3171.0,3183.0,603.0,609.0,18.0,55.0
3744.0,3747.0,588.0,609.0,14.0,0.0
357.0,363.0,3171.0,3183.0,17.0,12.0
5655.0,5676.0,318.0,321.0,15.0,0.0
3123.0,3147.0,594.0,597.0,19.0,18.0
3456.0,3468.0,528.0,534.0,18.0,56.0
2352.0,2364.0,720.0,726.0,18.0,57.0
3039.0,3063.0,624.0,627.0,19.0,19.0
1815.0,1827.0,2478.0,2484.0,18.0,58.0
2943.0,2949.0,2289.0,2301.0,17.0,13.0
7866.0,7872.0,3333.0,3345.0,17.0,14.0
2643.0,2649.0,702.0,711.0,11.0,0.0
6564.0,6576.0,390.0,396.0,18.0,59.0
1281.0,1302.0,2652.0,2655.0,15.0,1.0
999.0,1020.0,2841.0,2844.0,15.0,2.0
1986.0,1992.0,2409.0,2418.0,11.0,1.0
7881.0,7902.0,3318.0,3321.0,15.0,3.0
1434.0,1455.0,2640.0,2643.0,15.0,4.0
3807.0,3828.0,537.0,540.0,15.0,5.0
5550.0,5556.0,300.0,309.0,11.0,2.0
7797.0,7803.0,3432.0,3444.0,17.0,15.0
1527.0,1530.0,2661.0,2679.0,10.0,0.0
6021.0,6042.0,279.0,282.0,15.0,6.0
5601.0,5619.0,303.0,306.0,13.0,0.0
5166.0,5169.0,519.0,537.0,10.0,1.0
2724.0,2745.0,672.0,675.0,15.0,7.0
6939.0,6945.0,3630.0,3639.0,11.0,3.0
5187.0,5193.0,315.0,324.0,11.0,4.0
6453.0,6474.0,249.0,252.0,15.0,8.0
2952.0,2961.0,852.0,858.0,12.0,0.0
6864.0,6870.0,189.0,198.0,11.0,5.0
6966.0,6972.0,3597.0,3606.0,11.0,6.0
4869.0,4887.0,390.0,393.0,13.0,1.0
7101.0,7107.0,168.0,177.0,11.0,7.0
6501.0,6504.0,207.0,225.0,10.0,2.0
5049.0,5052.0,384.0,402.0,10.0,3.0
1578.0,1584.0,2679.0,2688.0,11.0,8.0
6564.0,6567.0,345.0,363.0,10.0,4.0
2985.0,2991.0,2304.0,2313.0,11.0,9.0
1896.0,1899.0,2502.0,2520.0,10.0,5.0
7077.0,7083.0,237.0,246.0,11.0,10.0
3699.0,3705.0,564.0,573.0,11.0,11.0
468.0,474.0,3033.0,3042.0,11.0,12.0
2352.0,2358.0,2241.0,2250.0,11.0,13.0
2370.0,2373.0,2190.0,2208.0,10.0,6.0
1227.0,1230.0,2805.0,2823.0,10.0,7.0
2490.0,2496.0,705.0,714.0,11.0,14.0
57.0,63.0,3372.0,3381.0,11.0,15.0
5592.0,5598.0,3891.0,3900.0,11.0,16.0
1578.0,1584.0,2529.0,2538.0,11.0,17.0
6678.0,6681.0,186.0,204.0,10.0,8.0
2994.0,3000.0,1980.0,1989.0,11.0,18.0
2652.0,2658.0,675.0,684.0,11.0,19.0
5157.0,5160.0,543.0,561.0,10.0,9.0
1932.0,1938.0,2409.0,2418.0,11.0,20.0
417.0,420.0,3165.0,3183.0,10.0,10.0
5646.0,5652.0,3810.0,3819.0,11.0,21.0
5901.0,5904.0,450.0,468.0,10.0,11.0
1818.0,1827.0,2520.0,2526.0,12.0,1.0
417.0,423.0,3207.0,3216.0,11.0,22.0
1188.0,1194.0,2760.0,2769.0,11.0,23.0
5844.0,5853.0,492.0,498.0,12.0,2.0
5118.0,5124.0,495.0,504.0,11.0,24.0
3015.0,3018.0,2241.0,2259.0,10.0,12.0
3216.0,3222.0,651.0,660.0,11.0,25.0
5517.0,5526.0,531.0,537.0,12.0,3.0
5658.0,5664.0,3792.0,3801.0,11.0,26.0
4095.0,4101.0,603.0,612.0,11.0,27.0
5535.0,5541.0,339.0,348.0,11.0,28.0
7785.0,7791.0,3453.0,3462.0,11.0,29.0
2001.0,2007.0,2367.0,2376.0,11.0,30.0
2190.0,2193.0,900.0,918.0,10.0,13.0
2574.0,2583.0,882.0,888.0,12.0,4.0
5145.0,5151.0,576.0,585.0,11.0,31.0
6198.0,6204.0,438.0,447.0,11.0,32.0
4803.0,4809.0,426.0,435.0,11.0,33.0
2973.0,2979.0,660.0,669.0,11.0,34.0
126.0,129.0,3297.0,3315.0,10.0,14.0
1935.0,1941.0,2553.0,2562.0,11.0,35.0
5604.0,5610.0,3873.0,3882.0,11.0,36.0
6582.0,6585.0,297.0,315.0,10.0,15.0
840.0,846.0,3039.0,3048.0,11.0,37.0
5397.0,5406.0,387.0,393.0,12.0,5.0
2379.0,2397.0,2166.0,2169.0,13.0,2.0
7734.0,7752.0,3513.0,3516.0,13.0,3.0
1098.0,1101.0,2838.0,2856.0,10.0,16.0
6321.0,6339.0,213.0,216.0,13.0,4.0
7293.0,7302.0,147.0,153.0,12.0,6.0
96.0,102.0,3228.0,3237.0,11.0,38.0
4386.0,4389.0,588.0,606.0,10.0,17.0
3312.0,3321.0,795.0,801.0,12.0,7.0
2256.0,2265.0,2394.0,2400.0,12.0,8.0
4098.0,4104.0,450.0,459.0,11.0,39.0
2970.0,2976.0,819.0,828.0,11.0,40.0
1608.0,1614.0,2451.0,2460.0,11.0,41.0
5478.0,5487.0,531.0,537.0,12.0,9.0
4428.0,4431.0,630.0,648.0,10.0,18.0
1569.0,1575.0,2553.0,2562.0,11.0,42.0
6612.0,6615.0,372.0,390.0,10.0,19.0
4818.0,4821.0,534.0,552.0,10.0,20.0
7839.0,7845.0,3375.0,3384.0,11.0,43.0
7764.0,7770.0,3483.0,3492.0,11.0,44.0
4446.0,4452.0,579.0,588.0,11.0,45.0
2553.0,2559.0,795.0,804.0,11.0,46.0
5967.0,5985.0,264.0,267.0,13.0,5.0
3573.0,3582.0,561.0,567.0,12.0,10.0
5634.0,5640.0,3828.0,3837.0,11.0,47.0
4746.0,4755.0,618.0,624.0,12.0,11.0
2226.0,2235.0,942.0,948.0,12.0,12.0
3018.0,3024.0,2034.0,2043.0,11.0,48.0
6270.0,6273.0,357.0,375.0,10.0,21.0
1947.0,1950.0,2520.0,2538.0,10.0,22.0
162.0,165.0,3195.0,3213.0,10.0,23.0
126.0,132.0,3150.0,3159.0,11.0,49.0
2964.0,2970.0,2250.0,2259.0,11.0,50.0
7032.0,7041.0,345.0,351.0,12.0,13.0
7110.0,7116.0,144.0,153.0,11.0,51.0
3297.0,3303.0,696.0,705.0,11.0,52.0
825.0,828.0,2925.0,2943.0,10.0,24.0
333.0,351.0,3135.0,3138.0,13.0,6.0
4062.0,4068.0,543.0,552.0,11.0,53.0
3684.0,3690.0,603.0,612.0,11.0,54.0
1953.0,1959.0,2502.0,2511.0,11.0,55.0
3576.0,3582.0,594.0,603.0,11.0,56.0
1197.0,1203.0,2736.0,2745.0,11.0,57.0
2196.0,2205.0,942.0,948.0,12.0,14.0
5559.0,5565.0,276.0,285.0,11.0,58.0
2304.0,2310.0,741.0,750.0,11.0,59.0
5157.0,5163.0,393.0,402.0,11.0,60.0
57.0,63.0,3330.0,3339.0,11.0,61.0
2490.0,2496.0,741.0,750.0,11.0,62.0
7818.0,7824.0,3405.0,3414.0,11.0,63.0
6912.0,6918.0,3663.0,3672.0,11.0,64.0
1098.0,1101.0,2814.0,2829.0,8.0,0.0
1524.0,1533.0,2715.0,2721.0,12.0,15.0
2928.0,2934.0,777.0,786.0,11.0,65.0
6312.0,6315.0,240.0,255.0,8.0,1.0
477.0,483.0,3009.0,3018.0,11.0,66.0
852.0,855.0,2856.0,2871.0,8.0,2.0
1173.0,1179.0,2799.0,2808.0,11.0,67.0
6639.0,6645.0,150.0,159.0,11.0,68.0
117.0,120.0,3174.0,3189.0,8.0,3.0
867.0,870.0,2817.0,2832.0,8.0,4.0
2247.0,2250.0,753.0,768.0,8.0,5.0
5172.0,5178.0,354.0,363.0,11.0,69.0
4647.0,4665.0,429.0,432.0,13.0,7.0
5931.0,5934.0,222.0,237.0,8.0,6.0
4830.0,4833.0,357.0,372.0,8.0,7.0
6243.0,6246.0,282.0,297.0,8.0,8.0
2994.0,2997.0,606.0,621.0,8.0,9.0
1968.0,1971.0,2316.0,2331.0,8.0,10.0
5139.0,5142.0,441.0,456.0,8.0,11.0
1164.0,1167.0,2823.0,2838.0,8.0,12.0
459.0,462.0,3057.0,3072.0,8.0,13.0
3348.0,3351.0,564.0,579.0,8.0,14.0
426.0,429.0,3144.0,3159.0,8.0,15.0
6297.0,6300.0,282.0,297.0,8.0,16.0
6282.0,6285.0,180.0,195.0,8.0,17.0
6612.0,6615.0,222.0,237.0,8.0,18.0
1236.0,1239.0,2781.0,2796.0,8.0,19.0
1602.0,1605.0,2613.0,2628.0,8.0,20.0
5544.0,5547.0,465.0,480.0,8.0,21.0
2271.0,2274.0,690.0,705.0,8.0,22.0
1923.0,1926.0,2433.0,2448.0,8.0,23.0
3726.0,3729.0,639.0,654.0,8.0,24.0
5892.0,5895.0,324.0,339.0,8.0,25.0
843.0,846.0,2880.0,2895.0,8.0,26.0
2013.0,2028.0,2334.0,2337.0,9.0,0.0
141.0,144.0,3111.0,3126.0,8.0,27.0
135.0,138.0,3273.0,3288.0,8.0,28.0
2586.0,2589.0,711.0,726.0,8.0,29.0
3720.0,3723.0,510.0,525.0,8.0,30.0
5907.0,5910.0,285.0,300.0,8.0,31.0
3711.0,3714.0,681.0,696.0,8.0,32.0
2607.0,2610.0,657.0,672.0,8.0,33.0
6621.0,6624.0,198.0,213.0,8.0,34.0
3333.0,3336.0,603.0,618.0,8.0,35.0
171.0,174.0,3171.0,3186.0,8.0,36.0
4449.0,4452.0,426.0,441.0,8.0,37.0
1536.0,1539.0,2640.0,2655.0,8.0,38.0
2571.0,2574.0,750.0,765.0,8.0,39.0
87.0,90.0,3252.0,3267.0,8.0,40.0
1905.0,1908.0,2481.0,2496.0,8.0,41.0
6669.0,6672.0,213.0,228.0,8.0,42.0
4434.0,4437.0,465.0,480.0,8.0,43.0
3219.0,3222.0,618.0,633.0,8.0,44.0
531.0,534.0,3006.0,3021.0,8.0,45.0
2208.0,2211.0,855.0,870.0,8.0,46.0
3003.0,3006.0,582.0,597.0,8.0,47.0
498.0,501.0,2955.0,2970.0,8.0,48.0
1218.0,1221.0,2682.0,2697.0,8.0,49.0
2307.0,2310.0,2217.0,2232.0,8.0,50.0
2964.0,2967.0,684.0,699.0,8.0,51.0
1599.0,1602.0,2475.0,2490.0,8.0,52.0
4812.0,4815.0,405.0,420.0,8.0,53.0
2616.0,2619.0,633.0,648.0,8.0,54.0
2562.0,2565.0,774.0,789.0,8.0,55.0
2241.0,2244.0,921.0,936.0,8.0,56.0
6630.0,6633.0,174.0,189.0,8.0,57.0
7071.0,7074.0,108.0,123.0,8.0,58.0
78.0,81.0,3276.0,3291.0,8.0,59.0
2982.0,2985.0,786.0,801.0,8.0,60.0
7047.0,7050.0,321.0,336.0,8.0,61.0
2268.0,2271.0,2319.0,2334.0,8.0,62.0
2979.0,2982.0,2064.0,2079.0,8.0,63.0
5910.0,5913.0,426.0,441.0,8.0,64.0
3288.0,3291.0,720.0,735.0,8.0,65.0
834.0,837.0,2904.0,2919.0,8.0,66.0
3357.0,3360.0,540.0,555.0,8.0,67.0
2313.0,2316.0,2352.0,2367.0,8.0,68.0
360.0,363.0,3144.0,3159.0,8.0,69.0
7056.0,7059.0,147.0,162.0,8.0,70.0
6228.0,6231.0,321.0,336.0,8.0,71.0
2973.0,2976.0,2226.0,2241.0,8.0,72.0
4071.0,4074.0,672.0,687.0,8.0,73.0
5502.0,5505.0,426.0,441.0,8.0,74.0
2217.0,2220.0,831.0,846.0,8.0,75.0
2328.0,2331.0,2310.0,2325.0,8.0,76.0
798.0,801.0,2997.0,3012.0,8.0,77.0
2199.0,2202.0,879.0,894.0,8.0,78.0
3729.0,3732.0,486.0,501.0,8.0,79.0
1425.0,1440.0,2688.0,2691.0,9.0,1.0
1914.0,1917.0,2457.0,2472.0,8.0,80.0
6252.0,6255.0,258.0,273.0,8.0,81.0
1953.0,1956.0,2355.0,2370.0,8.0,82.0
5379.0,5394.0,345.0,348.0,9.0,2.0
4140.0,4155.0,483.0,486.0,9.0,3.0
4071.0,4074.0,522.0,537.0,8.0,83.0
2172.0,2187.0,2325.0,2328.0,9.0,4.0
4425.0,4428.0,489.0,504.0,8.0,84.0
6198.0,6201.0,399.0,414.0,8.0,85.0
2979.0,2982.0,2199.0,2214.0,8.0,86.0
4026.0,4029.0,639.0,654.0,8.0,87.0
1977.0,1980.0,2292.0,2307.0,8.0,88.0
882.0,885.0,2778.0,2793.0,8.0,89.0
2973.0,2976.0,2037.0,2052.0,8.0,90.0
4746.0,4749.0,576.0,591.0,8.0,91.0
4371.0,4374.0,630.0,645.0,8.0,92.0
2232.0,2235.0,792.0,807.0,8.0,93.0
5667.0,5679.0,270.0,273.0,7.0,0.0
6591.0,6594.0,276.0,291.0,8.0,94.0
6372.0,6384.0,225.0,228.0,7.0,1.0
5922.0,5925.0,246.0,261.0,8.0,95.0
3480.0,3492.0,537.0,540.0,7.0,2.0
2262.0,2265.0,714.0,729.0,8.0,96.0
2949.0,2955.0,1989.0,1995.0,6.0,0.0
3318.0,3321.0,642.0,657.0,8.0,97.0
1233.0,1236.0,2643.0,2658.0,8.0,98.0
3903.0,3915.0,510.0,513.0,7.0,3.0
1557.0,1569.0,2718.0,2721.0,7.0,4.0
450.0,462.0,3213.0,3216.0,7.0,5.0
4797.0,4800.0,594.0,609.0,8.0,99.0
1788.0,1800.0,2523.0,2526.0,7.0,6.0
3936.0,3942.0,558.0,564.0,6.0,1.0
2361.0,2373.0,675.0,678.0,7.0,7.0
702.0,717.0,2973.0,2976.0,9.0,5.0
5304.0,5316.0,375.0,378.0,7.0,8.0
6429.0,6441.0,240.0,243.0,7.0,9.0
4641.0,4653.0,477.0,480.0,7.0,10.0
6033.0,6045.0,231.0,234.0,7.0,11.0
666.0,678.0,2964.0,2967.0,7.0,12.0
6927.0,6933.0,3648.0,3654.0,6.0,2.0
2412.0,2424.0,687.0,690.0,7.0,13.0
7095.0,7098.0,186.0,198.0,5.0,0.0
3741.0,3744.0,597.0,609.0,5.0,1.0
702.0,714.0,3018.0,3021.0,7.0,14.0
6996.0,6999.0,330.0,342.0,5.0,2.0
4014.0,4017.0,699.0,711.0,5.0,3.0
2769.0,2781.0,681.0,684.0,7.0,15.0
3084.0,3096.0,585.0,588.0,7.0,16.0
2493.0,2505.0,2145.0,2148.0,7.0,17.0
6147.0,6150.0,264.0,276.0,5.0,4.0
2328.0,2340.0,714.0,717.0,7.0,18.0
87.0,99.0,3378.0,3381.0,7.0,19.0
2802.0,2814.0,690.0,693.0,7.0,20.0
5268.0,5280.0,318.0,321.0,7.0,21.0
3159.0,3171.0,603.0,606.0,7.0,22.0
3141.0,3153.0,648.0,651.0,7.0,23.0
5745.0,5757.0,339.0,342.0,7.0,24.0
5292.0,5304.0,372.0,375.0,7.0,25.0
7179.0,7191.0,81.0,84.0,7.0,26.0
2445.0,2457.0,2133.0,2136.0,7.0,27.0
2277.0,2283.0,2298.0,2304.0,6.0,3.0
519.0,522.0,3042.0,3054.0,5.0,5.0
1404.0,1416.0,2682.0,2685.0,7.0,28.0
819.0,822.0,2946.0,2958.0,5.0,6.0
3552.0,3564.0,555.0,558.0,7.0,29.0
4515.0,4527.0,444.0,447.0,7.0,30.0
684.0,696.0,3018.0,3021.0,7.0,31.0
297.0,309.0,3126.0,3129.0,7.0,32.0
615.0,627.0,3000.0,3003.0,7.0,33.0
2388.0,2400.0,681.0,684.0,7.0,34.0
1410.0,1422.0,2634.0,2637.0,7.0,35.0
6798.0,6810.0,189.0,192.0,7.0,36.0
441.0,444.0,3108.0,3120.0,5.0,7.0
1164.0,1170.0,2880.0,2886.0,6.0,4.0
5781.0,5784.0,321.0,333.0,5.0,8.0
6741.0,6753.0,126.0,129.0,7.0,37.0
5043.0,5049.0,384.0,390.0,6.0,5.0
3012.0,3015.0,2013.0,2025.0,5.0,9.0
4656.0,4668.0,477.0,480.0,7.0,38.0
1785.0,1797.0,2472.0,2475.0,7.0,39.0
1380.0,1392.0,2676.0,2679.0,7.0,40.0
1092.0,1098.0,2814.0,2820.0,6.0,6.0
2145.0,2157.0,2319.0,2322.0,7.0,41.0
6435.0,6447.0,192.0,195.0,7.0,42.0
3816.0,3828.0,489.0,492.0,7.0,43.0
5019.0,5031.0,378.0,381.0,7.0,44.0
2799.0,2811.0,639.0,642.0,7.0,45.0
6396.0,6408.0,183.0,186.0,7.0,46.0
558.0,570.0,2985.0,2988.0,7.0,47.0
5727.0,5739.0,285.0,288.0,7.0,48.0
7212.0,7224.0,138.0,141.0,7.0,49.0
6600.0,6603.0,255.0,267.0,5.0,10.0
1233.0,1245.0,3975.0,3978.0,7.0,50.0
6954.0,6960.0,3615.0,3621.0,6.0,7.0
1698.0,1710.0,2451.0,2454.0,7.0,51.0
2421.0,2433.0,2127.0,2130.0,7.0,52.0
2955.0,2958.0,2271.0,2283.0,5.0,11.0
6129.0,6141.0,300.0,303.0,7.0,53.0
2559.0,2562.0,2166.0,2178.0,5.0,12.0
4062.0,4065.0,696.0,708.0,5.0,13.0
3783.0,3795.0,528.0,531.0,7.0,54.0
3522.0,3534.0,597.0,600.0,7.0,55.0
3861.0,3873.0,549.0,552.0,7.0,56.0
2547.0,2550.0,816.0,828.0,5.0,14.0
2958.0,2961.0,2001.0,2013.0,5.0,15.0
642.0,654.0,2958.0,2961.0,7.0,57.0
2997.0,3000.0,2280.0,2292.0,5.0,16.0
3195.0,3207.0,612.0,615.0,7.0,58.0
6495.0,6501.0,207.0,213.0,6.0,8.0
5997.0,6009.0,270.0,273.0,7.0,59.0
4932.0,4944.0,405.0,408.0,7.0,60.0
594.0,606.0,2946.0,2949.0,7.0,61.0
105.0,108.0,3357.0,3369.0,5.0,17.0
7239.0,7251.0,96.0,99.0,7.0,62.0
4281.0,4293.0,519.0,522.0,7.0,63.0
4989.0,5001.0,420.0,423.0,7.0,64.0
3714.0,3717.0,528.0,540.0,5.0,18.0
3075.0,3087.0,630.0,633.0,7.0,65.0
4470.0,4473.0,513.0,525.0,5.0,19.0
2295.0,2301.0,2394.0,2400.0,6.0,9.0
6852.0,6864.0,153.0,156.0,7.0,66.0
6405.0,6417.0,234.0,237.0,7.0,67.0
2517.0,2529.0,2151.0,2154.0,7.0,68.0
975.0,987.0,2784.0,2787.0,7.0,69.0
3015.0,3018.0,693.0,705.0,5.0,20.0
2454.0,2466.0,747.0,750.0,7.0,70.0
660.0,672.0,3012.0,3015.0,7.0,71.0
201.0,213.0,3150.0,3153.0,7.0,72.0
3006.0,3009.0,2265.0,2277.0,5.0,21.0
5670.0,5676.0,3777.0,3783.0,6.0,10.0
3312.0,3315.0,660.0,672.0,5.0,22.0
2037.0,2049.0,2340.0,2343.0,7.0,73.0
2937.0,2940.0,759.0,771.0,5.0,23.0
5400.0,5406.0,354.0,360.0,6.0,11.0
2061.0,2073.0,2298.0,2301.0,7.0,74.0
2601.0,2604.0,675.0,687.0,5.0,24.0
5721.0,5733.0,333.0,336.0,7.0,75.0
1359.0,1371.0,2622.0,2625.0,7.0,76.0
273.0,285.0,3120.0,3123.0,7.0,77.0
963.0,975.0,2829.0,2832.0,7.0,78.0
7257.0,7269.0,150.0,153.0,7.0,79.0
2469.0,2481.0,2139.0,2142.0,7.0,80.0
6753.0,6765.0,177.0,180.0,7.0,81.0
5781.0,5784.0,303.0,315.0,5.0,25.0
4263.0,4275.0,465.0,468.0,7.0,82.0
3444.0,3456.0,528.0,531.0,7.0,83.0
3135.0,3147.0,597.0,600.0,7.0,84.0
6105.0,6117.0,249.0,252.0,7.0,85.0
1743.0,1755.0,2511.0,2514.0,7.0,86.0
720.0,723.0,3000.0,3012.0,5.0,26.0
1053.0,1065.0,2853.0,2856.0,7.0,87.0
4956.0,4968.0,363.0,366.0,7.0,88.0
4551.0,4563.0,405.0,408.0,7.0,89.0
6360.0,6372.0,174.0,177.0,7.0,90.0
4623.0,4635.0,423.0,426.0,7.0,91.0
5319.0,5331.0,330.0,333.0,7.0,92.0
5010.0,5022.0,426.0,429.0,7.0,93.0
2193.0,2196.0,2352.0,2364.0,5.0,27.0
3927.0,3939.0,516.0,519.0,7.0,94.0
6087.0,6099.0,294.0,297.0,7.0,95.0
7215.0,7227.0,90.0,93.0,7.0,96.0
7155.0,7167.0,123.0,126.0,7.0,97.0
2523.0,2535.0,2202.0,2205.0,7.0,98.0
2559.0,2562.0,2184.0,2196.0,5.0,28.0
2724.0,2736.0,621.0,624.0,7.0,99.0
4257.0,4269.0,513.0,516.0,7.0,100.0
7005.0,7017.0,348.0,351.0,7.0,101.0
4617.0,4629.0,471.0,474.0,7.0,102.0
5325.0,5337.0,381.0,384.0,7.0,103.0
2430.0,2442.0,741.0,744.0,7.0,104.0
4227.0,4239.0,456.0,459.0,7.0,105.0
4965.0,4977.0,414.0,417.0,7.0,106.0
1347.0,1359.0,2667.0,2670.0,7.0,107.0
4587.0,4599.0,414.0,417.0,7.0,108.0
1323.0,1335.0,2613.0,2616.0,7.0,109.0
2097.0,2109.0,2307.0,2310.0,7.0,110.0
6057.0,6069.0,237.0,240.0,7.0,111.0
2409.0,2421.0,2172.0,2175.0,7.0,112.0
3855.0,3867.0,498.0,501.0,7.0,113.0
258.0,270.0,3165.0,3168.0,7.0,114.0
3477.0,3489.0,585.0,588.0,7.0,115.0
7299.0,7302.0,111.0,123.0,5.0,29.0
2094.0,2106.0,2355.0,2358.0,7.0,116.0
5691.0,5703.0,276.0,279.0,7.0,117.0
3276.0,3282.0,789.0,795.0,6.0,12.0
234.0,246.0,3159.0,3162.0,7.0,118.0
1899.0,1911.0,2568.0,2571.0,7.0,119.0
5616.0,5622.0,3858.0,3864.0,6.0,13.0
4236.0,4248.0,507.0,510.0,7.0,120.0
4413.0,4419.0,522.0,528.0,6.0,14.0
6111.0,6123.0,300.0,303.0,7.0,121.0
5544.0,5547.0,318.0,330.0,5.0,30.0
4920.0,4932.0,354.0,357.0,7.0,122.0
939.0,951.0,2823.0,2826.0,7.0,123.0
2700.0,2712.0,663.0,666.0,7.0,124.0
4572.0,4584.0,459.0,462.0,7.0,125.0
1443.0,1455.0,2688.0,2691.0,7.0,126.0
4371.0,4374.0,654.0,666.0,5.0,31.0
2385.0,2397.0,729.0,732.0,7.0,127.0
1734.0,1746.0,2460.0,2463.0,7.0,128.0
222.0,234.0,3108.0,3111.0,7.0,129.0
5886.0,5889.0,342.0,354.0,5.0,32.0
1686.0,1698.0,2496.0,2499.0,7.0,130.0
6792.0,6804.0,138.0,141.0,7.0,131.0
1092.0,1098.0,2850.0,2856.0,6.0,15.0
3840.0,3852.0,543.0,546.0,7.0,132.0
3528.0,3540.0,549.0,552.0,7.0,133.0
279.0,291.0,3171.0,3174.0,7.0,134.0
4983.0,4995.0,369.0,372.0,7.0,135.0
4191.0,4203.0,447.0,450.0,7.0,136.0
5292.0,5304.0,438.0,441.0,7.0,137.0
2193.0,2196.0,2337.0,2349.0,5.0,33.0
5343.0,5355.0,336.0,339.0,7.0,138.0
6471.0,6483.0,201.0,204.0,7.0,139.0
2466.0,2478.0,2187.0,2190.0,7.0,140.0
3885.0,3897.0,555.0,558.0,7.0,141.0
5877.0,5889.0,495.0,498.0,7.0,142.0
5631.0,5643.0,309.0,312.0,7.0,143.0
2460.0,2472.0,699.0,702.0,7.0,144.0
3420.0,3432.0,570.0,573.0,7.0,145.0
2760.0,2772.0,630.0,633.0,7.0,146.0
2151.0,2163.0,2370.0,2373.0,7.0,147.0
3120.0,3132.0,642.0,645.0,7.0,148.0
987.0,999.0,2922.0,2925.0,7.0,149.0
6816.0,6828.0,144.0,147.0,7.0,150.0
3702.0,3705.0,705.0,717.0,5.0,34.0
2535.0,2538.0,867.0,879.0,5.0,35.0
3096.0,3108.0,636.0,639.0,7.0,151.0
2367.0,2370.0,2199.0,2208.0,3.0,0.0
5700.0,5712.0,327.0,330.0,7.0,152.0
5763.0,5775.0,339.0,342.0,7.0,153.0
4179.0,4191.0,492.0,495.0,7.0,154.0
1197.0,1203.0,2880.0,2886.0,6.0,16.0
1035.0,1047.0,2799.0,2802.0,7.0,155.0
6981.0,6987.0,3582.0,3588.0,6.0,17.0
2541.0,2553.0,2202.0,2205.0,7.0,156.0
618.0,621.0,3078.0,3087.0,3.0,1.0
6867.0,6870.0,180.0,189.0,3.0,2.0
2988.0,2991.0,768.0,777.0,3.0,3.0
1917.0,1929.0,2568.0,2571.0,7.0,157.0
3165.0,3177.0,654.0,657.0,7.0,158.0
4053.0,4056.0,576.0,585.0,3.0,4.0
3456.0,3465.0,579.0,582.0,4.0,0.0
4785.0,4788.0,480.0,489.0,3.0,5.0
6129.0,6141.0,255.0,258.0,7.0,159.0
4779.0,4791.0,621.0,624.0,7.0,160.0
5208.0,5211.0,399.0,408.0,3.0,6.0
7002.0,7005.0,294.0,303.0,3.0,7.0
7830.0,7833.0,3393.0,3402.0,3.0,8.0
6066.0,6075.0,288.0,291.0,4.0,1.0
639.0,648.0,3006.0,3009.0,4.0,2.0
5916.0,5919.0,408.0,417.0,3.0,9.0
6261.0,6264.0,384.0,393.0,3.0,10.0
1218.0,1221.0,2832.0,2841.0,3.0,11.0
5625.0,5628.0,3846.0,3855.0,3.0,12.0
999.0,1011.0,2790.0,2793.0,7.0,161.0
6648.0,6651.0,270.0,279.0,3.0,13.0
1824.0,1827.0,2484.0,2493.0,3.0,14.0
3468.0,3480.0,669.0,672.0,7.0,162.0
1968.0,1971.0,2460.0,2469.0,3.0,15.0
6585.0,6588.0,297.0,306.0,3.0,16.0
180.0,189.0,3144.0,3147.0,4.0,3.0
6147.0,6150.0,282.0,294.0,5.0,36.0
4407.0,4410.0,543.0,552.0,3.0,17.0
4122.0,4125.0,528.0,537.0,3.0,18.0
1626.0,1629.0,2544.0,2553.0,3.0,19.0
5178.0,5181.0,483.0,492.0,3.0,20.0
315.0,324.0,3180.0,3183.0,4.0,4.0
813.0,816.0,2964.0,2973.0,3.0,21.0
3579.0,3582.0,567.0,576.0,3.0,22.0
3579.0,3582.0,585.0,594.0,3.0,23.0
5517.0,5520.0,393.0,402.0,3.0,24.0
6249.0,6252.0,417.0,426.0,3.0,25.0
6282.0,6285.0,324.0,333.0,3.0,26.0
252.0,261.0,3249.0,3252.0,4.0,5.0
2922.0,2925.0,801.0,810.0,3.0,27.0
525.0,528.0,3024.0,3033.0,3.0,28.0
3750.0,3753.0,570.0,579.0,3.0,29.0
4302.0,4311.0,519.0,522.0,4.0,6.0
5940.0,5943.0,339.0,348.0,3.0,30.0
6564.0,6567.0,381.0,390.0,3.0,31.0
1242.0,1245.0,2763.0,2772.0,3.0,32.0
4854.0,4857.0,432.0,441.0,3.0,33.0
6630.0,6633.0,321.0,330.0,3.0,34.0
2283.0,2286.0,2286.0,2295.0,3.0,35.0
3336.0,3339.0,744.0,753.0,3.0,36.0
3042.0,3051.0,621.0,624.0,4.0,7.0
7071.0,7074.0,255.0,264.0,3.0,37.0
4440.0,4443.0,597.0,606.0,3.0,38.0
5844.0,5847.0,483.0,492.0,3.0,39.0
5928.0,5931.0,375.0,384.0,3.0,40.0
5946.0,5949.0,324.0,333.0,3.0,41.0
4596.0,4605.0,465.0,468.0,4.0,8.0
2838.0,2841.0,651.0,660.0,3.0,42.0
1530.0,1533.0,2661.0,2670.0,3.0,43.0
1767.0,1776.0,2517.0,2520.0,4.0,9.0
7065.0,7068.0,270.0,279.0,3.0,44.0
7191.0,7200.0,132.0,135.0,4.0,10.0
6255.0,6258.0,399.0,408.0,3.0,45.0
4899.0,4908.0,396.0,399.0,4.0,11.0
1032.0,1041.0,2847.0,2850.0,4.0,12.0
6822.0,6831.0,195.0,198.0,4.0,13.0
4203.0,4212.0,498.0,501.0,4.0,14.0
3027.0,3030.0,2064.0,2073.0,3.0,46.0
6642.0,6645.0,288.0,297.0,3.0,47.0
6267.0,6270.0,366.0,375.0,3.0,48.0
4476.0,4479.0,495.0,504.0,3.0,49.0
3672.0,3675.0,642.0,651.0,3.0,50.0
921.0,930.0,2817.0,2820.0,4.0,15.0
3027.0,3030.0,657.0,666.0,3.0,51.0
465.0,468.0,3192.0,3201.0,3.0,52.0
123.0,126.0,3306.0,3315.0,3.0,53.0
1962.0,1965.0,2478.0,2487.0,3.0,54.0
1461.0,1464.0,2652.0,2661.0,3.0,55.0
4797.0,4800.0,450.0,459.0,3.0,56.0
7113.0,7116.0,135.0,144.0,3.0,57.0
6243.0,6246.0,432.0,441.0,3.0,58.0
2973.0,2976.0,810.0,819.0,3.0,59.0
5163.0,5166.0,528.0,537.0,3.0,60.0
5403.0,5406.0,378.0,387.0,3.0,61.0
4047.0,4056.0,714.0,717.0,4.0,16.0
5535.0,5538.0,489.0,498.0,3.0,62.0
6624.0,6627.0,339.0,348.0,3.0,63.0
4674.0,4677.0,438.0,447.0,3.0,64.0
4551.0,4560.0,453.0,456.0,4.0,17.0
2256.0,2259.0,2358.0,2367.0,3.0,65.0
873.0,876.0,2946.0,2955.0,3.0,66.0
4089.0,4092.0,621.0,630.0,3.0,67.0
6636.0,6639.0,306.0,315.0,3.0,68.0
5556.0,5559.0,429.0,438.0,3.0,69.0
903.0,906.0,2862.0,2871.0,3.0,70.0
5100.0,5103.0,573.0,582.0,3.0,71.0
6867.0,6870.0,165.0,174.0,3.0,72.0
720.0,723.0,2985.0,2994.0,3.0,73.0
3690.0,3693.0,741.0,750.0,3.0,74.0
4317.0,4320.0,504.0,513.0,3.0,75.0
4803.0,4806.0,576.0,585.0,3.0,76.0
5361.0,5370.0,390.0,393.0,4.0,18.0
360.0,363.0,3162.0,3171.0,3.0,77.0
4389.0,4392.0,588.0,597.0,3.0,78.0
3324.0,3327.0,777.0,786.0,3.0,79.0
4047.0,4050.0,591.0,600.0,3.0,80.0
7134.0,7143.0,117.0,120.0,4.0,19.0
849.0,852.0,3015.0,3024.0,3.0,81.0
2916.0,2919.0,816.0,825.0,3.0,82.0
3696.0,3699.0,723.0,732.0,3.0,83.0
4098.0,4101.0,594.0,603.0,3.0,84.0
915.0,918.0,2829.0,2838.0,3.0,85.0
141.0,144.0,3255.0,3264.0,3.0,86.0
5202.0,5205.0,417.0,426.0,3.0,87.0
3666.0,3669.0,657.0,666.0,3.0,88.0
2592.0,2595.0,846.0,855.0,3.0,89.0
1719.0,1728.0,2589.0,2592.0,4.0,20.0
828.0,831.0,2925.0,2934.0,3.0,90.0
2943.0,2946.0,2301.0,2310.0,3.0,91.0
4401.0,4404.0,558.0,567.0,3.0,92.0
63.0,72.0,3378.0,3381.0,4.0,21.0
423.0,432.0,3213.0,3216.0,4.0,22.0
1224.0,1227.0,2814.0,2823.0,3.0,93.0
489.0,492.0,3126.0,3135.0,3.0,94.0
7059.0,7062.0,288.0,297.0,3.0,95.0
2265.0,2268.0,852.0,861.0,3.0,96.0
153.0,156.0,3222.0,3231.0,3.0,97.0
1638.0,1641.0,2511.0,2520.0,3.0,98.0
2073.0,2082.0,2349.0,2352.0,4.0,23.0
5850.0,5853.0,441.0,450.0,3.0,99.0
2724.0,2733.0,669.0,672.0,4.0,24.0
5511.0,5514.0,408.0,417.0,3.0,100.0
2304.0,2307.0,2376.0,2385.0,3.0,101.0
909.0,912.0,2844.0,2853.0,3.0,102.0
2544.0,2553.0,2157.0,2160.0,4.0,25.0
4116.0,4119.0,543.0,552.0,3.0,103.0
7080.0,7083.0,90.0,99.0,3.0,104.0
5184.0,5187.0,468.0,477.0,3.0,105.0
3111.0,3120.0,705.0,708.0,4.0,26.0
4848.0,4851.0,450.0,459.0,3.0,106.0
4380.0,4389.0,672.0,675.0,4.0,27.0
159.0,162.0,3204.0,3213.0,3.0,107.0
3342.0,3345.0,585.0,594.0,3.0,108.0
2490.0,2499.0,2193.0,2196.0,4.0,28.0
867.0,870.0,2964.0,2973.0,3.0,109.0
3021.0,3024.0,2043.0,2052.0,3.0,110.0
2295.0,2298.0,2256.0,2265.0,3.0,111.0
3276.0,3279.0,759.0,768.0,3.0,112.0
2319.0,2322.0,2334.0,2343.0,3.0,113.0
5034.0,5043.0,426.0,429.0,4.0,29.0
495.0,498.0,3108.0,3117.0,3.0,114.0
420.0,423.0,3165.0,3174.0,3.0,115.0
4860.0,4863.0,417.0,426.0,3.0,116.0
2253.0,2256.0,885.0,894.0,3.0,117.0
3945.0,3948.0,525.0,534.0,3.0,118.0
6660.0,6663.0,237.0,246.0,3.0,119.0
4419.0,4422.0,657.0,666.0,3.0,120.0
3372.0,3375.0,642.0,651.0,3.0,121.0
2364.0,2373.0,723.0,726.0,4.0,30.0
5922.0,5925.0,390.0,399.0,3.0,122.0
1212.0,1215.0,2847.0,2856.0,3.0,123.0
1710.0,1719.0,2502.0,2505.0,4.0,31.0
6021.0,6030.0,276.0,279.0,4.0,32.0
7236.0,7245.0,144.0,147.0,4.0,33.0
5562.0,5565.0,414.0,423.0,3.0,124.0
843.0,846.0,3030.0,3039.0,3.0,125.0
2451.0,2460.0,2268.0,2271.0,4.0,34.0
6777.0,6786.0,183.0,186.0,4.0,35.0
3648.0,3651.0,705.0,714.0,3.0,126.0
2091.0,2094.0,2418.0,2427.0,3.0,127.0
2994.0,2997.0,750.0,759.0,3.0,128.0
4395.0,4398.0,573.0,582.0,3.0,129.0
4815.0,4818.0,543.0,552.0,3.0,130.0
4080.0,4083.0,504.0,513.0,3.0,131.0
2178.0,2187.0,2370.0,2373.0,4.0,36.0
3756.0,3759.0,552.0,561.0,3.0,132.0
5586.0,5589.0,345.0,354.0,3.0,133.0
999.0,1008.0,2838.0,2841.0,4.0,37.0
7038.0,7041.0,201.0,210.0,3.0,134.0
2340.0,2343.0,2274.0,2283.0,3.0,135.0
2967.0,2970.0,2019.0,2028.0,3.0,136.0
5550.0,5553.0,447.0,456.0,3.0,137.0
3342.0,3345.0,726.0,735.0,3.0,138.0
348.0,357.0,3180.0,3183.0,4.0,38.0
7086.0,7089.0,75.0,84.0,3.0,139.0
3000.0,3003.0,735.0,744.0,3.0,140.0
2334.0,2337.0,2292.0,2301.0,3.0,141.0
4455.0,4458.0,555.0,564.0,3.0,142.0
3909.0,3918.0,561.0,564.0,4.0,39.0
1944.0,1947.0,2529.0,2538.0,3.0,143.0
1620.0,1623.0,2562.0,2571.0,3.0,144.0
477.0,480.0,3159.0,3168.0,3.0,145.0
5259.0,5268.0,363.0,366.0,4.0,40.0
4767.0,4770.0,528.0,537.0,3.0,146.0
1593.0,1596.0,2637.0,2646.0,3.0,147.0
6675.0,6678.0,195.0,204.0,3.0,148.0
3348.0,3351.0,711.0,720.0,3.0,149.0
2409.0,2418.0,735.0,738.0,4.0,41.0
3021.0,3024.0,2223.0,2232.0,3.0,150.0
5154.0,5157.0,552.0,561.0,3.0,151.0
6573.0,6576.0,330.0,339.0,3.0,152.0
2355.0,2358.0,2232.0,2241.0,3.0,153.0
5478.0,5481.0,495.0,504.0,3.0,154.0
5862.0,5865.0,408.0,417.0,3.0,155.0
6618.0,6621.0,357.0,366.0,3.0,156.0
1557.0,1560.0,2592.0,2601.0,3.0,157.0
2322.0,2325.0,2184.0,2193.0,3.0,158.0
5868.0,5871.0,393.0,402.0,3.0,159.0
2289.0,2292.0,2271.0,2280.0,3.0,160.0
5874.0,5877.0,378.0,387.0,3.0,161.0
3762.0,3765.0,537.0,546.0,3.0,162.0
4062.0,4065.0,552.0,561.0,3.0,163.0
4773.0,4776.0,513.0,522.0,3.0,164.0
1587.0,1590.0,2655.0,2664.0,3.0,165.0
5529.0,5532.0,507.0,516.0,3.0,166.0
4746.0,4749.0,609.0,618.0,3.0,167.0
447.0,450.0,3096.0,3105.0,3.0,168.0
4092.0,4095.0,474.0,483.0,3.0,169.0
4809.0,4812.0,561.0,570.0,3.0,170.0
5523.0,5526.0,522.0,531.0,3.0,171.0
2838.0,2841.0,678.0,687.0,3.0,172.0
1665.0,1674.0,2490.0,2493.0,4.0,42.0
3660.0,3663.0,672.0,681.0,3.0,173.0
1725.0,1728.0,2571.0,2580.0,3.0,174.0
2646.0,2649.0,693.0,702.0,3.0,175.0
2598.0,2601.0,828.0,837.0,3.0,176.0
6351.0,6360.0,219.0,222.0,4.0,43.0
6567.0,6570.0,345.0,354.0,3.0,177.0
2946.0,2949.0,738.0,747.0,3.0,178.0
3354.0,3357.0,693.0,702.0,3.0,179.0
1824.0,1827.0,2511.0,2520.0,3.0,180.0
5106.0,5109.0,534.0,543.0,3.0,181.0
1545.0,1548.0,2622.0,2631.0,3.0,182.0
4443.0,4446.0,447.0,456.0,3.0,183.0
2004.0,2007.0,2358.0,2367.0,3.0,184.0
1995.0,1998.0,2385.0,2394.0,3.0,185.0
5172.0,5175.0,501.0,510.0,3.0,186.0
7299.0,7302.0,138.0,147.0,3.0,187.0
4317.0,4320.0,483.0,492.0,3.0,188.0
5109.0,5118.0,588.0,591.0,4.0,44.0
1260.0,1263.0,2712.0,2721.0,3.0,189.0
2535.0,2538.0,852.0,861.0,3.0,190.0
4014.0,4017.0,678.0,687.0,3.0,191.0
4791.0,4794.0,465.0,474.0,3.0,192.0
486.0,489.0,2994.0,3003.0,3.0,193.0
2445.0,2454.0,2181.0,2184.0,4.0,45.0
483.0,486.0,3141.0,3150.0,3.0,194.0
6486.0,6495.0,249.0,252.0,4.0,46.0
6855.0,6864.0,195.0,198.0,4.0,47.0
6237.0,6240.0,303.0,312.0,3.0,195.0
2328.0,2331.0,2169.0,2178.0,3.0,196.0
7080.0,7083.0,228.0,237.0,3.0,197.0
7278.0,7287.0,105.0,108.0,4.0,48.0
7191.0,7200.0,198.0,201.0,4.0,49.0
6039.0,6048.0,366.0,369.0,4.0,50.0
111.0,114.0,3339.0,3348.0,3.0,198.0
5484.0,5487.0,480.0,489.0,3.0,199.0
1242.0,1245.0,2625.0,2634.0,3.0,200.0
5916.0,5919.0,267.0,276.0,3.0,201.0
1572.0,1575.0,2697.0,2706.0,3.0,202.0
1446.0,1455.0,2643.0,2646.0,4.0,51.0
6720.0,6729.0,168.0,171.0,4.0,52.0
3390.0,3393.0,591.0,600.0,3.0,203.0
1974.0,1977.0,2445.0,2454.0,3.0,204.0
3807.0,3816.0,534.0,537.0,4.0,53.0
3207.0,3216.0,657.0,660.0,4.0,54.0
4404.0,4413.0,672.0,675.0,4.0,55.0
3021.0,3024.0,675.0,684.0,3.0,205.0
5523.0,5526.0,378.0,387.0,3.0,206.0
1314.0,1323.0,2658.0,2661.0,4.0,56.0
2193.0,2196.0,900.0,909.0,3.0,207.0
3033.0,3036.0,642.0,651.0,3.0,208.0
6606.0,6609.0,243.0,252.0,3.0,209.0
4488.0,4491.0,462.0,471.0,3.0,210.0
1551.0,1554.0,2607.0,2616.0,3.0,211.0
3642.0,3645.0,720.0,729.0,3.0,212.0
4425.0,4428.0,639.0,648.0,3.0,213.0
4434.0,4437.0,615.0,624.0,3.0,214.0
2277.0,2280.0,819.0,828.0,3.0,215.0
2616.0,2619.0,777.0,786.0,3.0,216.0
435.0,438.0,3126.0,3135.0,3.0,217.0
4761.0,4764.0,543.0,552.0,3.0,218.0
7008.0,7011.0,279.0,288.0,3.0,219.0
6609.0,6612.0,381.0,390.0,3.0,220.0
5100.0,5103.0,549.0,558.0,3.0,221.0
5151.0,5154.0,417.0,426.0,3.0,222.0
2481.0,2490.0,747.0,750.0,4.0,57.0
1461.0,1464.0,2673.0,2682.0,3.0,223.0
2925.0,2934.0,855.0,858.0,4.0,58.0
2247.0,2250.0,903.0,912.0,3.0,224.0
1248.0,1251.0,2610.0,2619.0,3.0,225.0
6453.0,6462.0,246.0,249.0,4.0,59.0
855.0,858.0,2997.0,3006.0,3.0,226.0
7032.0,7035.0,216.0,225.0,3.0,227.0
1353.0,1362.0,2754.0,2757.0,4.0,60.0
3384.0,3387.0,609.0,618.0,3.0,228.0
513.0,516.0,3057.0,3066.0,3.0,229.0
4830.0,4833.0,501.0,510.0,3.0,230.0
6759.0,6768.0,264.0,267.0,4.0,61.0
1899.0,1902.0,2502.0,2511.0,3.0,231.0
2625.0,2628.0,615.0,624.0,3.0,232.0
3360.0,3363.0,675.0,684.0,3.0,233.0
594.0,603.0,2994.0,2997.0,4.0,62.0
5226.0,5235.0,354.0,357.0,4.0,63.0
3717.0,3720.0,663.0,672.0,3.0,234.0
2334.0,2337.0,2154.0,2163.0,3.0,235.0
2679.0,2688.0,657.0,660.0,4.0,64.0
4128.0,4131.0,510.0,519.0,3.0,236.0
5655.0,5664.0,315.0,318.0,4.0,65.0
4041.0,4044.0,606.0,615.0,3.0,237.0
4086.0,4089.0,489.0,498.0,3.0,238.0
471.0,474.0,3177.0,3186.0,3.0,239.0
5673.0,5682.0,405.0,408.0,4.0,66.0
5898.0,5901.0,459.0,468.0,3.0,240.0
804.0,813.0,3051.0,3054.0,4.0,67.0
987.0,996.0,2835.0,2838.0,4.0,68.0
2916.0,2919.0,840.0,849.0,3.0,241.0
3330.0,3333.0,762.0,771.0,3.0,242.0
6303.0,6306.0,264.0,273.0,3.0,243.0
6501.0,6504.0,234.0,243.0,3.0,244.0
1608.0,1611.0,2595.0,2604.0,3.0,245.0
4302.0,4311.0,474.0,477.0,4.0,69.0
891.0,894.0,2895.0,2904.0,3.0,246.0
2553.0,2556.0,804.0,813.0,3.0,247.0
6204.0,6213.0,444.0,447.0,4.0,70.0
4077.0,4080.0,654.0,663.0,3.0,248.0
5952.0,5955.0,306.0,315.0,3.0,249.0
5844.0,5847.0,456.0,465.0,3.0,250.0
5574.0,5577.0,378.0,387.0,3.0,251.0
1272.0,1275.0,2679.0,2688.0,3.0,252.0
5478.0,5481.0,522.0,531.0,3.0,253.0
2130.0,2139.0,2364.0,2367.0,4.0,71.0
2259.0,2262.0,870.0,879.0,3.0,254.0
1890.0,1893.0,2526.0,2535.0,3.0,255.0
2952.0,2955.0,723.0,732.0,3.0,256.0
1074.0,1083.0,2808.0,2811.0,4.0,72.0
2271.0,2274.0,834.0,843.0,3.0,257.0
2610.0,2613.0,795.0,804.0,3.0,258.0
5214.0,5217.0,384.0,390.0,1.0,0.0
2298.0,2301.0,759.0,768.0,3.0,259.0
3648.0,3657.0,756.0,759.0,4.0,73.0
5580.0,5583.0,363.0,372.0,3.0,260.0
3027.0,3030.0,2205.0,2214.0,3.0,261.0
2256.0,2259.0,2385.0,2394.0,3.0,262.0
5577.0,5580.0,3918.0,3927.0,3.0,263.0
1206.0,1209.0,2865.0,2871.0,1.0,1.0
126.0,129.0,3159.0,3165.0,1.0,2.0
3567.0,3576.0,600.0,603.0,4.0,74.0
4749.0,4752.0,576.0,582.0,1.0,3.0
1086.0,1092.0,2853.0,2856.0,2.0,0.0
3501.0,3510.0,591.0,594.0,4.0,75.0
4374.0,4377.0,630.0,636.0,1.0,4.0
1182.0,1185.0,2781.0,2790.0,3.0,264.0
5049.0,5052.0,411.0,420.0,3.0,265.0
3003.0,3006.0,2271.0,2277.0,1.0,5.0
1593.0,1596.0,2499.0,2505.0,1.0,6.0
2958.0,2961.0,708.0,714.0,1.0,7.0
2988.0,2991.0,630.0,636.0,1.0,8.0
4944.0,4950.0,492.0,495.0,2.0,1.0
2310.0,2313.0,2217.0,2223.0,1.0,9.0
2220.0,2226.0,945.0,948.0,2.0,2.0
5490.0,5493.0,465.0,471.0,1.0,10.0
6222.0,6225.0,345.0,351.0,1.0,11.0
5547.0,5550.0,318.0,324.0,1.0,12.0
5766.0,5775.0,294.0,297.0,4.0,76.0
1254.0,1257.0,2730.0,2736.0,1.0,13.0
3678.0,3681.0,627.0,633.0,1.0,14.0
6615.0,6618.0,222.0,228.0,1.0,15.0
1956.0,1959.0,2355.0,2361.0,1.0,16.0
3306.0,3312.0,798.0,801.0,2.0,3.0
897.0,900.0,2880.0,2886.0,1.0,17.0
4215.0,4218.0,567.0,573.0,1.0,18.0
3654.0,3657.0,690.0,696.0,1.0,19.0
1962.0,1965.0,2340.0,2346.0,1.0,20.0
5550.0,5553.0,309.0,315.0,1.0,21.0
870.0,873.0,2817.0,2823.0,1.0,22.0
2382.0,2388.0,2163.0,2166.0,2.0,4.0
3288.0,3294.0,798.0,801.0,2.0,5.0
4755.0,4758.0,561.0,567.0,1.0,23.0
5130.0,5136.0,588.0,591.0,2.0,6.0
3351.0,3354.0,564.0,570.0,1.0,24.0
6912.0,6915.0,3672.0,3678.0,1.0,25.0
6216.0,6219.0,360.0,366.0,1.0,26.0
4212.0,4218.0,585.0,588.0,2.0,7.0
111.0,114.0,3198.0,3204.0,1.0,27.0
4419.0,4422.0,513.0,519.0,1.0,28.0
4497.0,4503.0,438.0,441.0,2.0,8.0
3006.0,3009.0,582.0,588.0,1.0,29.0
2301.0,2304.0,2241.0,2247.0,1.0,30.0
3843.0,3846.0,624.0,630.0,1.0,31.0
7803.0,7809.0,3432.0,3435.0,2.0,9.0
5889.0,5892.0,342.0,348.0,1.0,32.0
2733.0,2739.0,756.0,759.0,2.0,10.0
5157.0,5160.0,402.0,408.0,1.0,33.0
2982.0,2985.0,2307.0,2313.0,1.0,34.0
4818.0,4821.0,396.0,402.0,1.0,35.0
2823.0,2829.0,690.0,693.0,2.0,11.0
861.0,864.0,2841.0,2847.0,1.0,36.0
1926.0,1929.0,2433.0,2439.0,1.0,37.0
537.0,540.0,2991.0,2997.0,1.0,38.0
3693.0,3696.0,588.0,594.0,1.0,39.0
501.0,504.0,2955.0,2961.0,1.0,40.0
855.0,858.0,2856.0,2862.0,1.0,41.0
1989.0,1992.0,2403.0,2409.0,1.0,42.0
2205.0,2211.0,945.0,948.0,2.0,12.0
66.0,69.0,3315.0,3321.0,1.0,43.0
6399.0,6402.0,312.0,318.0,1.0,44.0
3843.0,3846.0,609.0,615.0,1.0,45.0
7851.0,7854.0,3363.0,3369.0,1.0,46.0
4815.0,4818.0,405.0,411.0,1.0,47.0
4140.0,4146.0,480.0,483.0,2.0,13.0
4449.0,4452.0,573.0,579.0,1.0,48.0
2457.0,2460.0,2262.0,2268.0,1.0,49.0
2964.0,2967.0,837.0,843.0,1.0,50.0
2280.0,2283.0,675.0,681.0,1.0,51.0
6918.0,6921.0,3663.0,3669.0,1.0,52.0
168.0,171.0,3180.0,3186.0,1.0,53.0
2580.0,2583.0,876.0,882.0,1.0,54.0
1947.0,1950.0,2379.0,2385.0,1.0,55.0
2307.0,2310.0,735.0,741.0,1.0,56.0
2997.0,3000.0,1989.0,1995.0,1.0,57.0
6261.0,6264.0,243.0,249.0,1.0,58.0
4035.0,4038.0,624.0,630.0,1.0,59.0
795.0,801.0,3042.0,3045.0,2.0,14.0
1212.0,1215.0,2706.0,2712.0,1.0,60.0
5127.0,5130.0,480.0,486.0,1.0,61.0
5958.0,5961.0,291.0,297.0,1.0,62.0
5166.0,5169.0,378.0,384.0,1.0,63.0
6267.0,6270.0,228.0,234.0,1.0,64.0
2982.0,2985.0,645.0,651.0,1.0,65.0
7104.0,7107.0,162.0,168.0,1.0,66.0
6276.0,6279.0,342.0,348.0,1.0,67.0
3732.0,3735.0,486.0,492.0,1.0,68.0
2274.0,2277.0,690.0,696.0,1.0,69.0
807.0,810.0,2982.0,2988.0,1.0,70.0
3681.0,3684.0,753.0,759.0,1.0,71.0
5853.0,5859.0,495.0,498.0,2.0,15.0
357.0,360.0,3144.0,3150.0,1.0,72.0
6276.0,6279.0,204.0,210.0,1.0,73.0
3477.0,3480.0,663.0,669.0,1.0,74.0
6939.0,6942.0,3639.0,3645.0,1.0,75.0
6945.0,6948.0,3630.0,3636.0,1.0,76.0
5148.0,5151.0,570.0,576.0,1.0,77.0
4020.0,4023.0,663.0,669.0,1.0,78.0
1599.0,1602.0,2622.0,2628.0,1.0,79.0
2574.0,2577.0,750.0,756.0,1.0,80.0
6270.0,6273.0,219.0,225.0,1.0,81.0
2085.0,2091.0,2418.0,2421.0,2.0,16.0
2604.0,2607.0,813.0,819.0,1.0,82.0
1188.0,1191.0,2769.0,2775.0,1.0,83.0
492.0,495.0,2979.0,2985.0,1.0,84.0
3723.0,3726.0,648.0,654.0,1.0,85.0
879.0,882.0,2931.0,2937.0,1.0,86.0
6579.0,6582.0,318.0,324.0,1.0,87.0
996.0,999.0,2904.0,2910.0,1.0,88.0
2541.0,2544.0,837.0,843.0,1.0,89.0
4134.0,4137.0,495.0,501.0,1.0,90.0
2190.0,2193.0,927.0,933.0,1.0,91.0
1539.0,1542.0,2640.0,2646.0,1.0,92.0
5112.0,5115.0,519.0,525.0,1.0,93.0
1563.0,1566.0,2577.0,2583.0,1.0,94.0
2202.0,2205.0,879.0,885.0,1.0,95.0
3012.0,3015.0,699.0,705.0,1.0,96.0
2184.0,2187.0,2328.0,2334.0,1.0,97.0
4413.0,4416.0,528.0,534.0,1.0,98.0
57.0,60.0,3339.0,3345.0,1.0,99.0
72.0,75.0,3300.0,3306.0,1.0,100.0
1206.0,1209.0,2721.0,2727.0,1.0,101.0
6201.0,6204.0,399.0,405.0,1.0,102.0
3360.0,3363.0,540.0,546.0,1.0,103.0
2226.0,2229.0,816.0,822.0,1.0,104.0
7755.0,7758.0,3501.0,3507.0,1.0,105.0
1980.0,1983.0,2292.0,2298.0,1.0,106.0
7872.0,7875.0,3333.0,3339.0,1.0,107.0
6603.0,6606.0,255.0,261.0,1.0,108.0
2493.0,2496.0,735.0,741.0,1.0,109.0
93.0,99.0,3375.0,3378.0,2.0,17.0
1233.0,1236.0,2790.0,2796.0,1.0,110.0
4437.0,4440.0,465.0,471.0,1.0,111.0
5505.0,5508.0,426.0,432.0,1.0,112.0
5118.0,5121.0,504.0,510.0,1.0,113.0
429.0,432.0,3144.0,3150.0,1.0,114.0
2988.0,2991.0,2298.0,2304.0,1.0,115.0
117.0,120.0,3324.0,3330.0,1.0,116.0
3216.0,3219.0,618.0,624.0,1.0,117.0
1809.0,1815.0,2478.0,2481.0,2.0,18.0
5487.0,5493.0,534.0,537.0,2.0,19.0
2961.0,2964.0,2007.0,2013.0,1.0,118.0
5529.0,5532.0,363.0,369.0,1.0,119.0
4794.0,4797.0,603.0,609.0,1.0,120.0
2211.0,2214.0,855.0,861.0,1.0,121.0
468.0,471.0,3042.0,3048.0,1.0,122.0
5187.0,5190.0,324.0,330.0,1.0,123.0
1221.0,1224.0,2682.0,2688.0,1.0,124.0
2655.0,2658.0,669.0,675.0,1.0,125.0
6294.0,6297.0,291.0,297.0,1.0,126.0
714.0,717.0,2976.0,2982.0,1.0,127.0
2589.0,2592.0,711.0,717.0,1.0,128.0
2310.0,2313.0,2361.0,2367.0,1.0,129.0
2325.0,2328.0,2319.0,2325.0,1.0,130.0
2949.0,2952.0,2289.0,2295.0,1.0,131.0
3699.0,3702.0,573.0,579.0,1.0,132.0
10665.0,10671.0,3024.0,3027.0,2.0,20.0
4452.0,4455.0,426.0,432.0,1.0,133.0
1167.0,1170.0,2823.0,2829.0,1.0,134.0
135.0,138.0,3135.0,3141.0,1.0,135.0
1632.0,1635.0,2529.0,2535.0,1.0,136.0
3930.0,3936.0,561.0,564.0,2.0,21.0
1524.0,1527.0,2709.0,2715.0,1.0,137.0
3012.0,3015.0,2253.0,2259.0,1.0,138.0
1578.0,1581.0,2538.0,2544.0,1.0,139.0
6765.0,6768.0,246.0,252.0,1.0,140.0
4017.0,4020.0,705.0,711.0,1.0,141.0
2238.0,2241.0,930.0,936.0,1.0,142.0
417.0,420.0,3201.0,3207.0,1.0,143.0
1890.0,1893.0,2556.0,2562.0,1.0,144.0
2943.0,2946.0,1968.0,1974.0,1.0,145.0
3036.0,3039.0,633.0,639.0,1.0,146.0
345.0,351.0,3138.0,3141.0,2.0,22.0
501.0,504.0,3093.0,3099.0,1.0,147.0
1581.0,1584.0,2673.0,2679.0,1.0,148.0
477.0,480.0,3018.0,3024.0,1.0,149.0
2487.0,2490.0,705.0,711.0,1.0,150.0
2565.0,2568.0,774.0,780.0,1.0,151.0
4569.0,4575.0,543.0,546.0,2.0,23.0
3402.0,3408.0,564.0,567.0,2.0,24.0
3378.0,3381.0,627.0,633.0,1.0,152.0
3321.0,3324.0,642.0,648.0,1.0,153.0
3642.0,3645.0,741.0,747.0,1.0,154.0
7044.0,7047.0,186.0,192.0,1.0,155.0
5181.0,5184.0,339.0,345.0,1.0,156.0
5925.0,5928.0,246.0,252.0,1.0,157.0
6255.0,6258.0,258.0,264.0,1.0,158.0
5910.0,5913.0,285.0,291.0,1.0,159.0
4950.0,4956.0,408.0,411.0,2.0,25.0
2241.0,2244.0,777.0,783.0,1.0,160.0
7881.0,7884.0,3321.0,3327.0,1.0,161.0
3219.0,3222.0,645.0,651.0,1.0,162.0
3327.0,3330.0,627.0,633.0,1.0,163.0
7059.0,7062.0,147.0,153.0,1.0,164.0
7287.0,7293.0,150.0,153.0,2.0,26.0
2391.0,2394.0,795.0,801.0,1.0,165.0
6861.0,6864.0,156.0,162.0,1.0,166.0
4482.0,4485.0,480.0,486.0,1.0,167.0
5895.0,5898.0,324.0,330.0,1.0,168.0
5880.0,5883.0,363.0,369.0,1.0,169.0
2580.0,2583.0,735.0,741.0,1.0,170.0
861.0,864.0,2982.0,2988.0,1.0,171.0
57.0,60.0,3366.0,3372.0,1.0,172.0
2289.0,2295.0,2397.0,2400.0,2.0,27.0
1362.0,1368.0,2670.0,2673.0,2.0,28.0
7050.0,7053.0,171.0,177.0,1.0,173.0
4110.0,4113.0,561.0,567.0,1.0,174.0
7020.0,7023.0,249.0,255.0,1.0,175.0
6888.0,6894.0,3699.0,3702.0,2.0,29.0
3684.0,3687.0,612.0,618.0,1.0,176.0
885.0,888.0,2778.0,2784.0,1.0,177.0
5676.0,5682.0,387.0,390.0,2.0,30.0
2997.0,3000.0,606.0,612.0,1.0,178.0
507.0,510.0,2940.0,2946.0,1.0,179.0
4671.0,4677.0,468.0,471.0,2.0,31.0
2967.0,2970.0,684.0,690.0,1.0,180.0
2250.0,2253.0,753.0,759.0,1.0,181.0
618.0,621.0,3066.0,3072.0,1.0,182.0
1932.0,1935.0,2418.0,2424.0,1.0,183.0
4458.0,4461.0,411.0,417.0,1.0,184.0
2979.0,2982.0,795.0,801.0,1.0,185.0
5901.0,5904.0,309.0,315.0,1.0,186.0
2958.0,2961.0,2271.0,2277.0,1.0,187.0
6285.0,6288.0,180.0,186.0,1.0,188.0
2454.0,2460.0,2250.0,2253.0,2.0,32.0
7026.0,7032.0,348.0,351.0,2.0,33.0
4029.0,4032.0,639.0,645.0,1.0,189.0
6396.0,6402.0,297.0,300.0,2.0,34.0
2973.0,2976.0,669.0,675.0,1.0,190.0
1236.0,1239.0,2643.0,2649.0,1.0,191.0
3708.0,3711.0,690.0,696.0,1.0,192.0
1971.0,1974.0,2316.0,2322.0,1.0,193.0
5592.0,5595.0,330.0,336.0,1.0,194.0
6639.0,6642.0,159.0,165.0,1.0,195.0
1158.0,1161.0,2868.0,2874.0,1.0,196.0
1812.0,1818.0,2523.0,2526.0,2.0,35.0
1917.0,1920.0,2457.0,2463.0,1.0,197.0
4833.0,4836.0,357.0,363.0,1.0,198.0
2637.0,2640.0,720.0,726.0,1.0,199.0
2361.0,2364.0,2217.0,2223.0,1.0,200.0
6633.0,6636.0,174.0,180.0,1.0,201.0
2091.0,2094.0,2433.0,2439.0,1.0,202.0
6246.0,6249.0,282.0,288.0,1.0,203.0
90.0,93.0,3252.0,3258.0,1.0,204.0
258.0,261.0,3243.0,3249.0,1.0,205.0
2265.0,2271.0,2397.0,2400.0,2.0,36.0
1956.0,1959.0,2496.0,2502.0,1.0,206.0
5391.0,5397.0,390.0,393.0,2.0,37.0
2619.0,2622.0,633.0,639.0,1.0,207.0
4083.0,4086.0,639.0,645.0,1.0,208.0
1227.0,1230.0,2667.0,2673.0,1.0,209.0
876.0,879.0,2802.0,2808.0,1.0,210.0
6972.0,6978.0,3597.0,3600.0,2.0,38.0
462.0,465.0,3057.0,3063.0,1.0,211.0
1941.0,1944.0,2394.0,2400.0,1.0,212.0
459.0,462.0,3207.0,3213.0,1.0,213.0
6654.0,6657.0,120.0,126.0,1.0,214.0
2622.0,2625.0,762.0,768.0,1.0,215.0
5892.0,5895.0,477.0,483.0,1.0,216.0
5535.0,5538.0,348.0,354.0,1.0,217.0
1647.0,1653.0,2484.0,2487.0,2.0,39.0
7014.0,7017.0,267.0,273.0,1.0,218.0
2271.0,2274.0,2319.0,2325.0,1.0,219.0
4824.0,4827.0,381.0,387.0,1.0,220.0
3708.0,3711.0,549.0,555.0,1.0,221.0
1158.0,1161.0,2847.0,2853.0,1.0,222.0
6309.0,6312.0,249.0,255.0,1.0,223.0
1602.0,1605.0,2475.0,2481.0,1.0,224.0
5604.0,5610.0,300.0,303.0,2.0,40.0
2292.0,2295.0,777.0,783.0,1.0,225.0
4788.0,4791.0,615.0,621.0,1.0,226.0
6903.0,6909.0,3681.0,3684.0,2.0,41.0
1173.0,1176.0,2808.0,2814.0,1.0,227.0
1725.0,1728.0,2583.0,2589.0,1.0,228.0
1266.0,1269.0,2697.0,2703.0,1.0,229.0
6690.0,6696.0,159.0,162.0,2.0,42.0
4380.0,4383.0,615.0,621.0,1.0,230.0
3003.0,3006.0,2001.0,2007.0,1.0,231.0
1563.0,1569.0,2715.0,2718.0,2.0,43.0
1191.0,1197.0,2883.0,2886.0,2.0,44.0
4947.0,4950.0,474.0,480.0,1.0,232.0
7065.0,7068.0,132.0,138.0,1.0,233.0
2493.0,2496.0,714.0,720.0,1.0,234.0
6648.0,6651.0,135.0,141.0,1.0,235.0
7074.0,7077.0,108.0,114.0,1.0,236.0
81.0,84.0,3276.0,3282.0,1.0,237.0
5907.0,5910.0,435.0,441.0,1.0,238.0
7044.0,7047.0,330.0,336.0,1.0,239.0
258.0,261.0,3231.0,3237.0,1.0,240.0
7026.0,7029.0,234.0,240.0,1.0,241.0
7053.0,7056.0,306.0,312.0,1.0,242.0
6996.0,6999.0,312.0,318.0,1.0,243.0
996.0,999.0,2916.0,2922.0,1.0,244.0
2340.0,2343.0,2139.0,2145.0,1.0,245.0
3306.0,3309.0,681.0,687.0,1.0,246.0
2823.0,2829.0,645.0,648.0,2.0,45.0
4428.0,4431.0,489.0,495.0,1.0,247.0
2964.0,2967.0,2259.0,2265.0,1.0,248.0
1938.0,1941.0,2547.0,2553.0,1.0,249.0
528.0,531.0,3015.0,3021.0,1.0,250.0
3396.0,3399.0,576.0,582.0,1.0,251.0
6765.0,6768.0,258.0,264.0,1.0,252.0
4755.0,4761.0,621.0,624.0,2.0,46.0
612.0,618.0,3084.0,3087.0,2.0,47.0
6045.0,6048.0,348.0,354.0,1.0,253.0
2346.0,2349.0,2124.0,2130.0,1.0,254.0
4824.0,4827.0,519.0,525.0,1.0,255.0
5403.0,5406.0,360.0,366.0,1.0,256.0
3282.0,3285.0,744.0,750.0,1.0,257.0
6213.0,6216.0,369.0,375.0,1.0,258.0
2256.0,2259.0,738.0,744.0,1.0,259.0
2994.0,2997.0,2286.0,2292.0,1.0,260.0
6879.0,6885.0,3711.0,3714.0,2.0,48.0
4074.0,4077.0,522.0,528.0,1.0,261.0
3723.0,3726.0,510.0,516.0,1.0,262.0
3738.0,3741.0,603.0,609.0,1.0,263.0
1587.0,1590.0,2514.0,2520.0,1.0,264.0
4098.0,4101.0,459.0,465.0,1.0,265.0
6048.0,6054.0,282.0,285.0,2.0,49.0
4779.0,4782.0,498.0,504.0,1.0,266.0
120.0,123.0,3174.0,3180.0,1.0,267.0
3297.0,3300.0,705.0,711.0,1.0,268.0
3336.0,3339.0,603.0,609.0,1.0,269.0
837.0,840.0,2904.0,2910.0,1.0,270.0
5496.0,5499.0,450.0,456.0,1.0,271.0
3291.0,3294.0,720.0,726.0,1.0,272.0
5856.0,5859.0,426.0,432.0,1.0,273.0
5934.0,5937.0,222.0,228.0,1.0,274.0
4218.0,4224.0,501.0,504.0,2.0,50.0
6594.0,6597.0,276.0,282.0,1.0,275.0
2661.0,2667.0,651.0,654.0,2.0,51.0
5886.0,5889.0,489.0,495.0,1.0,276.0
2985.0,2988.0,1968.0,1974.0,1.0,277.0
5142.0,5145.0,441.0,447.0,1.0,278.0
7776.0,7782.0,3471.0,3474.0,2.0,52.0
5172.0,5175.0,363.0,369.0,1.0,279.0
5682.0,5688.0,321.0,324.0,2.0,53.0
2316.0,2319.0,2202.0,2208.0,1.0,280.0
2544.0,2547.0,882.0,888.0,1.0,281.0
132.0,135.0,3282.0,3288.0,1.0,282.0
516.0,519.0,3048.0,3054.0,1.0,283.0
6207.0,6210.0,384.0,390.0,1.0,284.0
7293.0,7299.0,111.0,114.0,2.0,54.0
1284.0,1290.0,2649.0,2652.0,2.0,55.0
6624.0,6627.0,198.0,204.0,1.0,285.0
1608.0,1611.0,2460.0,2466.0,1.0,286.0
5133.0,5136.0,465.0,471.0,1.0,287.0
4803.0,4806.0,435.0,441.0,1.0,288.0
453.0,456.0,3081.0,3087.0,1.0,289.0
105.0,108.0,3213.0,3219.0,1.0,290.0
1569.0,1572.0,2562.0,2568.0,1.0,291.0
2220.0,2223.0,831.0,837.0,1.0,292.0
6198.0,6201.0,432.0,438.0,1.0,293.0
4659.0,4665.0,432.0,435.0,2.0,56.0
846.0,849.0,2880.0,2886.0,1.0,294.0
5559.0,5562.0,285.0,291.0,1.0,295.0
825.0,831.0,3051.0,3054.0,2.0,57.0
2946.0,2952.0,855.0,858.0,2.0,58.0
1908.0,1911.0,2481.0,2487.0,1.0,296.0
6231.0,6234.0,321.0,327.0,1.0,297.0
6879.0,6882.0,3714.0,3717.0,0.0,0.0
7296.0,7299.0,144.0,147.0,0.0,1.0
2928.0,2931.0,786.0,792.0,1.0,298.0
5511.0,5517.0,534.0,537.0,2.0,59.0
3366.0,3369.0,525.0,531.0,1.0,299.0
2484.0,2487.0,705.0,708.0,0.0,2.0
6666.0,6669.0,222.0,228.0,1.0,300.0
1356.0,1362.0,2736.0,2739.0,2.0,60.0
2586.0,2589.0,864.0,870.0,1.0,301.0
801.0,804.0,2997.0,3003.0,1.0,302.0
2265.0,2268.0,714.0,720.0,1.0,303.0
2277.0,2280.0,2304.0,2310.0,1.0,304.0
2298.0,2301.0,2391.0,2394.0,0.0,3.0
4068.0,4071.0,681.0,687.0,1.0,305.0
2610.0,2613.0,657.0,663.0,1.0,306.0
6498.0,6501.0,213.0,216.0,0.0,4.0
1197.0,1200.0,2745.0,2751.0,1.0,307.0
4314.0,4317.0,510.0,513.0,0.0,5.0
1641.0,1644.0,2502.0,2505.0,0.0,6.0
5568.0,5571.0,261.0,267.0,1.0,308.0
2259.0,2262.0,2391.0,2394.0,0.0,7.0
4842.0,4845.0,468.0,474.0,1.0,309.0
2262.0,2265.0,2343.0,2349.0,1.0,310.0
2559.0,2562.0,795.0,798.0,0.0,8.0
2949.0,2952.0,1983.0,1989.0,1.0,311.0
7884.0,7887.0,3321.0,3324.0,0.0,9.0
7296.0,7299.0,114.0,117.0,0.0,10.0
96.0,99.0,3237.0,3243.0,1.0,312.0
5919.0,5922.0,267.0,270.0,0.0,11.0
1458.0,1461.0,2652.0,2655.0,0.0,12.0
4059.0,4062.0,564.0,567.0,0.0,13.0
1899.0,1902.0,2565.0,2568.0,0.0,14.0
2571.0,2574.0,885.0,888.0,0.0,15.0
6396.0,6399.0,315.0,318.0,0.0,16.0
2835.0,2838.0,651.0,654.0,0.0,17.0
5541.0,5544.0,474.0,480.0,1.0,313.0
2595.0,2598.0,696.0,702.0,1.0,314.0
144.0,147.0,3111.0,3117.0,1.0,315.0
3315.0,3318.0,660.0,666.0,1.0,316.0
2235.0,2238.0,792.0,798.0,1.0,317.0
3936.0,3939.0,519.0,522.0,0.0,18.0
4308.0,4311.0,477.0,480.0,0.0,19.0
2958.0,2961.0,849.0,852.0,0.0,20.0
4410.0,4413.0,669.0,672.0,0.0,21.0
1893.0,1896.0,2559.0,2562.0,0.0,22.0
6231.0,6237.0,444.0,447.0,2.0,61.0
822.0,825.0,2946.0,2949.0,0.0,23.0
7758.0,7761.0,3501.0,3504.0,0.0,24.0
6144.0,6147.0,291.0,294.0,0.0,25.0
6492.0,6495.0,207.0,210.0,0.0,26.0
615.0,618.0,3066.0,3069.0,0.0,27.0
5592.0,5595.0,3900.0,3903.0,0.0,28.0
7860.0,7863.0,3354.0,3357.0,0.0,29.0
2940.0,2943.0,759.0,762.0,0.0,30.0
6576.0,6579.0,393.0,396.0,0.0,31.0
5109.0,5112.0,585.0,588.0,0.0,32.0
6138.0,6141.0,297.0,300.0,0.0,33.0
5148.0,5151.0,429.0,432.0,0.0,34.0
6981.0,6984.0,3588.0,3591.0,0.0,35.0
1566.0,1569.0,2712.0,2715.0,0.0,36.0
1458.0,1461.0,2679.0,2682.0,0.0,37.0
2547.0,2550.0,885.0,888.0,0.0,38.0
3840.0,3843.0,627.0,630.0,0.0,39.0
2373.0,2376.0,2181.0,2184.0,0.0,40.0
4416.0,4419.0,663.0,666.0,0.0,41.0
804.0,807.0,3048.0,3051.0,0.0,42.0
795.0,798.0,3039.0,3042.0,0.0,43.0
5481.0,5484.0,528.0,531.0,0.0,44.0
4059.0,4062.0,705.0,708.0,0.0,45.0
1089.0,1092.0,2814.0,2817.0,0.0,46.0
7818.0,7821.0,3414.0,3417.0,0.0,47.0
2550.0,2553.0,816.0,819.0,0.0,48.0
6954.0,6957.0,3621.0,3624.0,0.0,49.0
2835.0,2838.0,684.0,687.0,0.0,50.0
5772.0,5775.0,297.0,300.0,0.0,51.0
1095.0,1098.0,2820.0,2823.0,0.0,52.0
7854.0,7857.0,3363.0,3366.0,0.0,53.0
3573.0,3576.0,597.0,600.0,0.0,54.0
4674.0,4677.0,465.0,468.0,0.0,55.0
3276.0,3279.0,786.0,789.0,0.0,56.0
2388.0,2391.0,795.0,798.0,0.0,57.0
2196.0,2199.0,939.0,942.0,0.0,58.0
4665.0,4668.0,474.0,477.0,0.0,59.0
2391.0,2394.0,813.0,816.0,0.0,60.0
2457.0,2460.0,2253.0,2256.0,0.0,61.0
5679.0,5682.0,402.0,405.0,0.0,62.0
5652.0,5655.0,3810.0,3813.0,0.0,63.0
7770.0,7773.0,3483.0,3486.0,0.0,64.0
7197.0,7200.0,201.0,204.0,0.0,65.0
5103.0,5106.0,579.0,582.0,0.0,66.0
3570.0,3573.0,561.0,564.0,0.0,67.0
6138.0,6141.0,258.0,261.0,0.0,68.0
6897.0,6900.0,3693.0,3696.0,0.0,69.0
4572.0,4575.0,540.0,543.0,0.0,70.0
7875.0,7878.0,3333.0,3336.0,0.0,71.0
5598.0,5601.0,3891.0,3894.0,0.0,72.0
3678.0,3681.0,756.0,759.0,0.0,73.0
6921.0,6924.0,3663.0,3666.0,0.0,74.0
6960.0,6963.0,3615.0,3618.0,0.0,75.0
3717.0,3720.0,528.0,531.0,0.0,76.0
711.0,714.0,2976.0,2979.0,0.0,77.0
2604.0,2607.0,675.0,678.0,0.0,78.0
1728.0,1731.0,2505.0,2508.0,0.0,79.0
4947.0,4950.0,489.0,492.0,0.0,80.0
5778.0,5781.0,303.0,306.0,0.0,81.0
3648.0,3651.0,753.0,756.0,0.0,82.0
444.0,447.0,3108.0,3111.0,0.0,83.0
5616.0,5619.0,3864.0,3867.0,0.0,84.0
1932.0,1935.0,2559.0,2562.0,0.0,85.0
711.0,714.0,3015.0,3018.0,0.0,86.0
5847.0,5850.0,489.0,492.0,0.0,87.0
63.0,66.0,3375.0,3378.0,0.0,88.0
1452.0,1455.0,2646.0,2649.0,0.0,89.0
6966.0,6969.0,3606.0,3609.0,0.0,90.0
4785.0,4788.0,618.0,621.0,0.0,91.0
2925.0,2928.0,852.0,855.0,0.0,92.0
6498.0,6501.0,240.0,243.0,0.0,93.0
5640.0,5643.0,3828.0,3831.0,0.0,94.0
2550.0,2553.0,2199.0,2202.0,0.0,95.0
7812.0,7815.0,3423.0,3426.0,0.0,96.0
3765.0,3768.0,528.0,531.0,0.0,97.0
5301.0,5304.0,456.0,459.0,0.0,98.0
6861.0,6864.0,192.0,195.0,0.0,99.0
3213.0,3216.0,618.0,621.0,0.0,100.0
5664.0,5667.0,3792.0,3795.0,0.0,101.0
6903.0,6906.0,3684.0,3687.0,0.0,102.0
2991.0,2994.0,1980.0,1983.0,0.0,103.0
7038.0,7041.0,342.0,345.0,0.0,104.0
423.0,426.0,3210.0,3213.0,0.0,105.0
5040.0,5043.0,384.0,387.0,0.0,106.0
837.0,840.0,3045.0,3048.0,0.0,107.0
717.0,720.0,3009.0,3012.0,0.0,108.0
4671.0,4674.0,438.0,441.0,0.0,109.0
5634.0,5637.0,3837.0,3840.0,0.0,110.0
5301.0,5304.0,441.0,444.0,0.0,111.0
3945.0,3948.0,549.0,552.0,0.0,112.0
6042.0,6045.0,348.0,351.0,0.0,113.0
7005.0,7008.0,345.0,348.0,0.0,114.0
2088.0,2091.0,2436.0,2439.0,0.0,115.0
3942.0,3945.0,525.0,528.0,0.0,116.0
4380.0,4383.0,669.0,672.0,0.0,117.0
5646.0,5649.0,3819.0,3822.0,0.0,118.0
1359.0,1362.0,2751.0,2754.0,0.0,119.0
6597.0,6600.0,393.0,396.0,0.0,120.0
6492.0,6495.0,246.0,249.0,0.0,121.0
7803.0,7806.0,3435.0,3438.0,0.0,122.0
3840.0,3843.0,609.0,612.0,0.0,123.0
7785.0,7788.0,3462.0,3465.0,0.0,124.0
5046.0,5049.0,417.0,420.0,0.0,125.0
1095.0,1098.0,2847.0,2850.0,0.0,126.0
2487.0,2490.0,744.0,747.0,0.0,127.0
5670.0,5673.0,3783.0,3786.0,0.0,128.0
4026.0,4029.0,714.0,717.0,0.0,129.0
6399.0,6402.0,300.0,303.0,0.0,130.0
3213.0,3216.0,654.0,657.0,0.0,131.0
4944.0,4947.0,474.0,477.0,0.0,132.0
7764.0,7767.0,3492.0,3495.0,0.0,133.0
1452.0,1455.0,2685.0,2688.0,0.0,134.0
5865.0,5868.0,408.0,411.0,0.0,135.0
5160.0,5163.0,534.0,537.0,0.0,136.0
5580.0,5583.0,3918.0,3921.0,0.0,137.0
6045.0,6048.0,363.0,366.0,0.0,138.0
2190.0,2193.0,2337.0,2340.0,0.0,139.0
1359.0,1362.0,2739.0,2742.0,0.0,140.0
2550.0,2553.0,2160.0,2163.0,0.0,141.0
6681.0,6684.0,177.0,180.0,0.0,142.0
4053.0,4056.0,711.0,714.0,0.0,143.0
2190.0,2193.0,2361.0,2364.0,0.0,144.0
5400.0,5403.0,384.0,387.0,0.0,145.0
354.0,357.0,3144.0,3147.0,0.0,146.0
6240.0,6243.0,438.0,441.0,0.0,147.0
4491.0,4494.0,453.0,456.0,0.0,148.0
2181.0,2184.0,2328.0,2331.0,0.0,149.0
1722.0,1725.0,2571.0,2574.0,0.0,150.0
6987.0,6990.0,3582.0,3585.0,0.0,151.0
5883.0,5886.0,492.0,495.0,0.0,152.0
2556.0,2559.0,2193.0,2196.0,0.0,153.0
3117.0,3120.0,723.0,726.0,0.0,154.0
456.0,459.0,3210.0,3213.0,0.0,155.0
6888.0,6891.0,3702.0,3705.0,0.0,156.0
5040.0,5043.0,423.0,426.0,0.0,157.0
4374.0,4377.0,663.0,666.0,0.0,158.0
3699.0,3702.0,714.0,717.0,0.0,159.0
5604.0,5607.0,3882.0,3885.0,0.0,160.0
6948.0,6951.0,3630.0,3633.0,0.0,161.0
7845.0,7848.0,3375.0,3378.0,0.0,162.0
5610.0,5613.0,3873.0,3876.0,0.0,163.0
4494.0,4497.0,444.0,447.0,0.0,164.0
6606.0,6609.0,387.0,390.0,0.0,165.0
255.0,258.0,3231.0,3234.0,0.0,166.0
6972.0,6975.0,3600.0,3603.0,0.0,167.0
7119.0,7122.0,117.0,120.0,0.0,168.0
6762.0,6765.0,246.0,249.0,0.0,169.0
4314.0,4317.0,483.0,486.0,0.0,170.0
3117.0,3120.0,708.0,711.0,0.0,171.0
5658.0,5661.0,3801.0,3804.0,0.0,172.0
6933.0,6936.0,3648.0,3651.0,0.0,173.0
5391.0,5394.0,348.0,351.0,0.0,174.0
7197.0,7200.0,216.0,219.0,0.0,175.0
6927.0,6930.0,3654.0,3657.0,0.0,176.0
1200.0,1203.0,2877.0,2880.0,0.0,177.0
1821.0,1824.0,2517.0,2520.0,0.0,178.0
5628.0,5631.0,3846.0,3849.0,0.0,179.0
7791.0,7794.0,3453.0,3456.0,0.0,180.0
3009.0,3012.0,2013.0,2016.0,0.0,181.0
2184.0,2187.0,2367.0,2370.0,0.0,182.0
7116.0,7119.0,126.0,129.0,0.0,183.0
4212.0,4215.0,567.0,570.0,0.0,184.0
6144.0,6147.0,264.0,267.0,0.0,185.0
5046.0,5049.0,390.0,393.0,0.0,186.0
1185.0,1188.0,2781.0,2784.0,0.0,187.0
2538.0,2541.0,876.0,879.0,0.0,188.0
7776.0,7779.0,3474.0,3477.0,0.0,189.0
4308.0,4311.0,516.0,519.0,0.0,190.0
6567.0,6570.0,387.0,390.0,0.0,191.0
5679.0,5682.0,390.0,393.0,0.0,192.0
2556.0,2559.0,2166.0,2169.0,0.0,193.0
1926.0,1929.0,2565.0,2568.0,0.0,194.0
3474.0,3477.0,651.0,654.0,0.0,195.0
1527.0,1530.0,2712.0,2715.0,0.0,196.0
7839.0,7842.0,3384.0,3387.0,0.0,197.0
5520.0,5523.0,528.0,531.0,0.0,198.0
4392.0,4395.0,588.0,591.0,0.0,199.0
4215.0,4218.0,582.0,585.0,0.0,200.0
6204.0,6207.0,441.0,444.0,0.0,201.0
3687.0,3690.0,747.0,750.0,0.0,202.0
6588.0,6591.0,297.0,300.0,0.0,203.0
4749.0,4752.0,615.0,618.0,0.0,204.0
2919.0,2922.0,846.0,849.0,0.0,205.0
354.0,357.0,3177.0,3180.0,0.0,206.0
1533.0,1536.0,2718.0,2721.0,0.0,207.0
5778.0,5781.0,330.0,333.0,0.0,208.0
1821.0,1824.0,2484.0,2487.0,0.0,209.0
4446.0,4449.0,447.0,450.0,0.0,210.0
7833.0,7836.0,3393.0,3396.0,0.0,211.0
5142.0,5145.0,582.0,585.0,0.0,212.0
4788.0,4791.0,480.0,483.0,0.0,213.0
6999.0,7002.0,339.0,342.0,0.0,214.0
1170.0,1173.0,2883.0,2886.0,0.0,215.0
6858.0,6861.0,156.0,159.0,0.0,216.0
5772.0,5775.0,336.0,339.0,0.0,217.0
7866.0,7869.0,3345.0,3348.0,0.0,218.0
3576.0,3579.0,567.0,570.0,0.0,219.0
2232.0,2235.0,939.0,942.0,0.0,220.0
2736.0,2739.0,738.0,741.0,0.0,221.0
7797.0,7800.0,3444.0,3447.0,0.0,222.0
3318.0,3321.0,792.0,795.0,0.0,223.0
7824.0,7827.0,3405.0,3408.0,0.0,224.0
5586.0,5589.0,3909.0,3912.0,0.0,225.0
102.0,105.0,3366.0,3369.0,0.0,226.0
