2079,2313,147,1015
2314,2548,147,1015
2549,2783,147,1015
2784,3018,147,1015
3019,3253,147,1015
3254,3490,147,1015
415,822,919,1325
823,1230,919,1325
1231,1640,919,1325
1351,1592,237,918
1593,1834,237,918
1835,2078,237,918
1012,1350,267,591
1012,1350,592,918
1641,2583,1016,1171
3555,3669,147,996
48,414,1084,1309
1641,2292,1172,1239
1641,2078,919,1015
749,1011,301,604
659,1011,813,918
2584,2982,1016,1069
3491,3519,147,1012
858,980,654,812
2400,2620,66,146
1712,2078,195,236
3670,3687,147,994
1641,1854,1240,1310
700,748,316,604
168,414,1029,1083
689,1468,1326,1337
3520,3554,745,1008
537,658,864,918
2217,2331,89,146
2983,3255,1016,1040
1611,1699,165,236
1974,2065,130,194
294,414,975,1028
0,18,1003,1307
1855,1947,136,194
2434,2508,0,65
1243,1337,210,266
1486,1581,182,236
19,47,1127,1308
875,971,253,300
2290,2338,0,88
1729,1825,153,194
781,857,757,812
2584,2775,1070,1091
991,1283,1338,1350
1121,1213,224,266
2095,2187,106,146
700,729,195,315
1760,1849,74,107
2361,2399,73,146
947,981,164,250
1367,1456,196,236
1559,1587,89,181
691,760,729,767
2124,2211,27,59
1316,1346,121,207
611,641,729,815
1881,1973,58,88
1187,1235,135,185
1024,1115,164,194
783,868,195,224
1648,1725,89,120
1390,1482,121,147
760,844,272,300
1040,1091,220,266
2043,2086,27,85
731,774,674,728
78,147,1003,1037
1855,2053,1240,1251
202,273,952,983
122,161,952,1002
492,523,784,855
329,394,895,929
251,286,895,951
371,407,842,894
2293,2453,1172,1183
2983,3095,1041,1057
2002,2042,43,75
811,857,674,710
225,414,1310,1317
438,491,842,870
1802,1831,108,152
566,610,784,817
3256,3368,1016,1028
1510,1558,105,133
1928,1955,89,135
1160,1221,201,223
2240,2289,13,40
1650,1708,143,164
19,41,1003,1057
2016,2069,101,129
730,753,195,245
981,1011,771,812
1268,1315,135,162
87,138,1061,1083
3520,3521,147,744
2385,2433,0,25
1406,1464,174,195
2584,2608,1092,1135
908,946,178,207
241,264,984,1028
2134,2193,84,105
454,507,897,918
2776,2850,1070,1083
333,385,952,974
766,853,253,264
1156,1186,149,178
698,780,800,812
609,629,818,863
1799,1857,58,73
1001,1039,242,266
875,990,1338,1345
882,946,231,245
1432,1488,105,120
1921,1979,43,57
2370,2422,50,65
1250,1315,190,202
1582,1610,208,236
824,876,178,194
1068,1123,149,163
1440,1472,148,173
2332,2360,117,146
1677,1731,74,88
2168,2202,60,83
2162,2219,13,26
1588,1602,89,144
573,688,1326,1332
998,1011,605,662
1768,1801,131,152
1641,1740,1311,1318
1074,1105,195,219
2339,2351,0,56
1862,1927,115,128
2224,2289,68,81
546,584,837,856
981,991,679,746
1493,1558,162,174
667,751,791,799
832,857,225,252
177,215,1002,1021
1948,1973,166,194
1684,1716,121,142
2609,2680,1092,1101
790,829,730,749
642,658,729,771
1347,1359,121,173
2054,2155,1240,1246
1855,1875,1252,1284
982,1000,164,201
992,1011,267,300
492,508,856,894
3096,3161,1041,1050
304,332,946,967
2293,2311,1184,1216
2066,2078,149,194
830,857,735,756
1284,1383,1338,1343
1130,1159,197,216
426,448,888,911
1740,1763,123,145
1986,2015,97,115
1378,1400,165,188
1107,1211,1351,1355
1012,1039,213,234
2106,2131,76,98
59,81,1053,1076
1469,1540,1326,1332
1194,1230,186,200
1700,1711,197,236
732,751,768,790
524,535,784,824
2050,2080,86,100
1622,1647,135,157
1826,1854,179,194
216,240,1007,1028
2312,2374,1184,1190
121,139,1038,1060
585,608,842,863
2454,2521,1172,1177
2851,2935,1070,1074
2188,2216,132,146
367,385,930,951
1214,1242,253,266
3555,3613,997,1002
3369,3424,1016,1022
318,414,1318,1321
730,741,246,276
1876,1932,1252,1257
317,328,895,926
132,224,1310,1313
1634,1647,89,116
2983,3029,1058,1064
798,850,265,271
3256,3321,1029,1033
19,28,1058,1091
386,414,962,974
2352,2361,0,29
805,874,1338,1342
1457,1485,225,236
1497,1527,153,161
1338,1350,239,266
769,805,245,252
508,536,907,918
683,690,729,765
2087,2094,27,64
287,293,895,933
139,167,1072,1083
480,572,1326,1328
1977,2015,123,129
1144,1155,149,175
265,293,1018,1028
191,201,952,980
1254,1279,180,189
1603,1613,89,115
2681,2727,1092,1096
2227,2254,59,67
1752,1759,74,105
408,417,842,869
1236,1242,135,169
775,780,674,714
913,946,246,252
1894,1927,129,135
898,907,178,204
162,169,952,981
42,48,1003,1038
1360,1369,121,146
2156,2236,1240,1242
754,761,195,224
972,991,286,300
1865,1899,108,114
2256,2289,82,88
1282,1315,203,209
1525,1558,175,181
804,810,674,708
71,77,1003,1035
982,988,202,232
3162,3208,1041,1045
1741,1783,1311,1315
994,997,605,655
885,914,224,230
1956,1963,89,115
2584,2594,1136,1156
649,658,840,863
2609,2621,1102,1117
1832,1838,108,135
864,874,282,300
160,167,1050,1071
664,697,800,805
670,693,783,790
775,780,773,799
2851,2897,1075,1078
461,491,871,876
41,47,1102,1126
642,648,772,797
1284,1326,1344,1347
1541,1597,1326,1328
2210,2216,107,131
1933,1992,1252,1254
2372,2396,43,49
560,565,784,815
2118,2123,27,57
1641,1697,1319,1321
2088,2094,125,146
1846,1854,160,178
2355,2360,90,116
1114,1120,242,266
408,414,938,961
1234,1242,235,252
1053,1073,195,201
2405,2433,26,30
1604,1610,184,207
619,688,1333,1334
1479,1485,202,224
2423,2433,51,65
1855,1866,1285,1297
530,536,882,906
2259,2289,41,45
288,293,991,1017
944,990,1346,1348
1421,1439,148,155
1359,1366,218,236
1720,1728,178,194
1588,1594,145,165
1003,1011,753,770
1060,1106,1351,1353
1533,1558,134,139
2776,2822,1084,1086
761,767,729,748
736,804,1338,1339
816,831,225,232
1092,1099,220,236
835,857,711,716
1905,1927,89,94
509,517,856,871
2140,2167,60,63
1132,1151,192,196
630,648,857,863
2312,2321,1191,1204
1297,1315,163,169
2375,2408,1184,1187
586,608,818,822
992,994,693,732
1384,1411,1338,1341
2054,2094,1247,1249
1876,1885,1258,1269
148,155,1003,1018
3096,3132,1051,1053
3030,3057,1058,1061
3256,3283,1034,1037
3425,3462,1016,1018
1850,1854,74,94
395,401,895,911
1006,1011,663,680
2293,2299,1217,1231
2212,2217,27,44
274,278,952,972
1968,1973,147,165
99,120,1038,1042
1347,1351,174,194
1116,1121,164,179
1988,2009,92,96
1785,1801,108,113
2339,2345,57,71
2454,2487,1178,1180
659,661,729,763
2023,2042,76,80
29,35,1058,1072
1764,1767,124,146
715,731,768,773
869,874,195,210
449,452,889,911
989,995,202,214
630,635,816,831
2522,2554,1172,1174
928,946,208,212
82,85,1054,1076
387,414,1322,1324
845,863,296,300
781,783,674,707
1726,1730,89,107
730,735,277,292
1974,1979,58,73
524,530,825,837
86,131,1310,1311
527,572,1329,1330
2622,2652,1102,1104
792,810,725,729
178,224,1314,1315
742,748,246,258
548,565,832,836
1280,1302,186,189
222,240,984,988
294,296,895,925
3555,3585,1003,1005
1212,1254,1351,1352
1878,1880,58,87
271,317,1318,1319
349,366,930,934
2070,2075,101,114
178,204,999,1001
1784,1812,1311,1313
754,759,287,300
1001,1003,164,193
488,491,877,896
871,874,262,281
3369,3387,1023,1026
536,538,784,816
771,787,240,244
3614,3641,997,999
858,863,225,238
2095,2097,27,56
2156,2195,1243,1244
1401,1415,169,173
1473,1477,148,162
1839,1844,108,120
1469,1497,1333,1335
1401,1405,174,188
1528,1542,157,161
806,831,250,252
854,857,717,734
1243,1245,135,161
1603,1608,116,128
981,985,665,678
820,829,750,756
1106,1110,195,208
1866,1884,104,107
2255,2269,63,67
1483,1487,121,136
972,975,251,266
1311,1315,121,134
2000,2001,43,74
981,984,747,762
207,215,1022,1028
1360,1364,147,160
1673,1683,121,126
2595,2603,1136,1143
1964,1969,89,99
283,287,1005,1017
769,774,789,799
655,658,823,839
1405,1420,148,151
408,411,870,885
1008,1011,738,752
800,815,225,228
453,467,893,896
694,709,787,790
1316,1345,208,209
2322,2341,1191,1193
2352,2356,30,43
2851,2869,1079,1081
649,653,772,784
1172,1186,179,182
2728,2756,1092,1093
576,584,857,863
1130,1197,1356,1356
306,320,942,945
526,529,893,906
1498,1512,149,152
3162,3180,1046,1048
1648,1666,140,142
1238,1242,224,234
2776,2803,1087,1088
2350,2354,104,116
19,23,1092,1104
1541,1569,1329,1330
55,58,1062,1076
2681,2699,1097,1099
265,270,984,993
3322,3340,1029,1031
3209,3227,1041,1043
1412,1440,1338,1339
404,407,949,961
2983,3001,1065,1067
2132,2146,80,83
1641,1669,1322,1323
886,903,221,223
1327,1354,1344,1345
2936,2953,1070,1072
2203,2206,60,73
2102,2105,85,98
1851,1854,146,159
1617,1621,147,157
1600,1603,195,207
421,425,901,911
1266,1267,135,161
1726,1728,161,177
386,388,930,945
947,971,251,252
996,1000,256,266
1700,1704,165,174
2272,2289,46,48
2362,2363,0,24
2609,2616,1118,1124
37,40,1113,1126
1013,1024,209,212
1008,1011,222,234
2016,2028,97,100
752,755,768,780
1855,1859,1298,1308
140,144,1038,1047
509,514,872,879
2206,2209,119,131
1737,1739,130,145
1041,1052,195,198
1111,1113,251,266
1222,1226,201,210
1465,1469,174,183
1374,1377,176,188
2194,2197,84,96
364,386,1322,1323
1709,1712,143,154
457,479,1326,1327
2409,2431,1184,1185
921,943,1346,1347
666,688,1335,1336
164,167,1039,1049
2422,2433,31,34
1717,1721,121,130
852,874,1343,1344
1280,1296,163,165
915,929,228,230
1037,1059,1351,1352
1475,1478,213,224
1948,1950,136,149
2397,2411,47,49
1900,1914,112,114
782,804,1340,1341
333,343,948,951
1457,1459,196,209
1338,1341,210,220
998,1002,762,770
2300,2304,1217,1225
2229,2239,55,58
1040,1054,217,219
1092,1095,237,247
1255,1264,176,179
1363,1366,207,217
86,96,1057,1060
155,159,1064,1071
2084,2087,136,146
1993,2013,1252,1253
301,303,954,967
1214,1216,224,237
474,487,877,879
1768,1782,128,130
2095,2114,1247,1248
2087,2090,65,74
1160,1169,197,200
180,193,996,998
162,165,982,992
3425,3443,1019,1020
2584,2587,1157,1166
1545,1558,140,142
1595,1599,145,152
1876,1879,1270,1278
1933,1952,1255,1256
2898,2916,1075,1076
1623,1632,131,134
768,771,729,738
2157,2167,64,67
2237,2256,1240,1241
3388,3406,1023,1024
279,283,952,959
754,757,225,234
2107,2116,72,75
148,152,1019,1026
3058,3076,1058,1059
2270,2289,66,67
3284,3302,1034,1035
786,789,741,749
3520,3537,1009,1010
682,682,729,764
1956,1959,116,125
1855,1857,74,86
868,870,271,281
671,682,780,782
1352,1354,174,186
1773,1784,108,110
449,460,871,873
611,629,816,817
1482,1485,193,201
542,545,848,856
1983,1985,105,115
1661,1672,121,123
2332,2335,89,97
49,49,1003,1036
1741,1752,120,122
823,834,711,713
761,763,749,759
1897,1904,89,92
2339,2341,72,82
427,437,885,887
2373,2384,40,42
1521,1532,134,136
703,714,768,770
985,988,747,754
2092,2094,114,124
995,995,697,728
3096,3114,1054,1055
60,70,1050,1052
1127,1129,206,216
982,984,233,243
1917,1927,95,97
1648,1649,143,158
2214,2216,96,106
395,398,912,919
29,31,1073,1083
1607,1610,175,183
524,527,838,845
1832,1834,136,146
1153,1183,1357,1357
410,414,932,937
42,44,1039,1049
111,120,1043,1045
1355,1358,229,236
534,536,871,881
492,507,895,896
1280,1290,183,185
2312,2317,1205,1209
1843,1845,169,178
989,992,215,222
1698,1726,1319,1319
642,644,798,807
1002,1005,663,670
742,744,259,268
1236,1239,170,176
1543,1558,160,161
174,176,1011,1021
1813,1826,1311,1312
1498,1526,1333,1333
1117,1120,234,241
2595,2598,1144,1150
1588,1591,166,173
2132,2133,84,99
43,47,1096,1101
1010,1011,681,695
1598,1611,1326,1327
1867,1871,1285,1290
1284,1311,1348,1348
1379,1388,162,164
1826,1828,153,162
599,608,823,825
757,759,278,286
989,991,276,285
287,289,934,943
1741,1769,1316,1316
2367,2369,56,65
402,405,895,901
1582,1584,182,191
2622,2626,1105,1110
1100,1103,220,226
170,170,952,979
1966,1967,153,165
1212,1240,1353,1353
2288,2289,0,12
291,293,982,990
976,978,251,258
1886,1911,1258,1258
845,847,272,280
2384,2384,0,24
775,778,715,720
772,774,781,788
1065,1073,202,204
1231,1233,244,252
3555,3566,1006,1007
2011,2022,76,77
2247,2258,41,42
779,780,761,772
651,654,834,839
1964,1966,100,107
2218,2219,27,39
2188,2190,106,114
1989,1998,89,91
156,158,1003,1010
1717,1719,187,194
86,98,1038,1039
2555,2566,1172,1173
806,813,247,249
62,85,1310,1310
636,638,816,823
1723,1725,170,177
2212,2214,45,52
986,989,673,678
2035,2042,81,83
2322,2326,1194,1198
216,223,1004,1006
389,391,930,937
1303,1315,188,189
341,348,930,932
1108,1110,259,266
1839,1841,121,128
1116,1118,180,187
503,526,1329,1329
759,781,1340,1340
858,860,239,246
920,927,208,210
518,520,856,863
2010,2021,95,96
578,585,818,820
2375,2386,1188,1189
2358,2360,82,89
968,990,1349,1349
736,738,277,284
1603,1605,129,136
2397,2404,26,28
412,414,870,877
1971,1973,139,146
210,221,984,985
1084,1106,1354,1354
869,871,211,218
2081,2083,86,93
828,851,1343,1343
434,456,1326,1326
630,632,832,839
645,648,851,856
550,572,1331,1331
1014,1036,1351,1351
202,224,1316,1316
712,735,1338,1338
36,38,1058,1065
596,618,1333,1333
898,920,1346,1346
585,595,840,841
643,665,1335,1335
341,363,1322,1322
109,131,1312,1312
2488,2498,1178,1179
155,177,1314,1314
2342,2352,1191,1192
1122,1123,164,174
295,317,1320,1320
2522,2543,1175,1175
1305,1315,170,171
2454,2464,1181,1182
248,270,1318,1318
1133,1139,189,191
843,853,717,718
230,240,989,990
1416,1426,172,173
788,798,243,244
1231,1234,186,190
2070,2072,115,121
1152,1158,194,196
1734,1736,139,145
2196,2216,1243,1243
830,840,733,734
2054,2074,1250,1250
1886,1889,1259,1263
2156,2175,1245,1245
793,802,723,724
566,576,835,836
2954,2963,1070,1071
1478,1480,148,154
1953,1972,1255,1255
509,512,880,884
1648,1658,138,139
2257,2276,1240,1240
1974,1976,74,81
3491,3500,1013,1014
265,267,994,1000
2609,2611,1125,1131
730,732,293,299
3463,3472,1016,1017
2115,2134,1247,1247
2014,2033,1252,1252
2346,2347,57,66
1793,1801,114,115
2700,2718,1097,1097
3133,3142,1051,1052
811,821,728,729
86,86,1061,1078
937,946,213,214
2728,2737,1094,1095
1430,1439,156,157
747,748,307,315
3256,3274,1038,1038
3030,3048,1062,1062
875,876,195,204
3002,3019,1065,1065
3642,3650,997,998
358,366,935,936
1365,1367,147,152
2870,2888,1079,1079
864,865,225,233
1217,1219,224,229
1867,1876,102,103
3614,3632,1000,1000
2221,2223,76,81
2823,2831,1084,1085
2280,2289,49,50
887,892,218,220
3341,3349,1029,1030
549,557,830,831
1111,1113,195,200
2653,2661,1102,1103
286,287,996,1004
53,54,1068,1076
2776,2784,1089,1090
1005,1007,747,752
3586,3603,1003,1003
3181,3189,1046,1047
298,300,962,967
2207,2209,60,65
1010,1011,729,737
791,799,225,226
2413,2421,31,32
3228,3236,1041,1042
1700,1702,175,180
2357,2359,30,35
453,453,897,913
1460,1462,196,201
1222,1224,211,216
1860,1862,1298,1303
2627,2643,1105,1105
861,863,290,295
1032,1040,195,196
2076,2078,101,106
751,753,295,300
2042,2042,27,42
880,881,237,245
19,20,1105,1112
2588,2591,1157,1160
998,1000,250,255
424,425,893,900
1372,1373,181,188
1731,1731,89,104
1951,1953,136,141
274,275,973,980
654,655,772,779
1240,1242,218,223
1558,1558,89,104
35,36,1119,1126
2132,2139,60,61
1640,1647,117,118
1609,1610,116,123
1889,1896,89,90
2029,2036,99,100
158,159,1056,1063
772,779,238,239
524,525,899,906
649,650,785,792
2204,2205,124,131
724,731,774,775
148,149,1027,1034
1397,1404,148,149
1483,1484,137,143
1717,1718,131,138
1473,1474,163,170
1413,1420,152,153
915,922,226,227
46,47,1088,1095
413,414,924,931
24,25,1092,1099
824,831,233,234
2353,2354,96,103
1860,1861,121,128
1289,1296,166,167
2149,2156,64,65
1612,1626,1326,1326
97,104,1059,1060
2347,2349,112,116
321,328,944,945
2305,2308,1217,1220
1164,1171,179,180
1849,1850,152,159
1619,1621,142,146
468,474,895,896
2293,2295,1232,1236
1469,1483,1336,1336
1384,1397,1342,1342
1845,1846,108,115
1170,1177,199,200
808,815,229,230
1106,1107,209,215
1850,1851,95,102
694,701,785,786
1412,1426,1340,1340
279,281,960,964
854,856,253,257
1541,1554,1331,1331
280,282,1013,1017
2198,2200,84,88
996,998,202,206
1726,1728,108,112
1465,1466,184,190
1597,1599,203,207
1741,1754,1317,1317
1347,1349,195,199
1360,1362,161,165
2100,2101,91,98
1570,1583,1329,1329
981,982,658,664
140,142,1048,1052
749,751,246,250
1355,1357,174,178
1498,1511,1334,1334
1491,1492,168,174
2352,2354,44,48
1595,1596,153,160
1284,1297,1349,1349
401,403,957,961
1212,1225,1354,1354
531,532,825,832
1963,1965,161,165
2255,2261,61,62
2117,2123,74,75
756,758,768,772
1641,1654,1324,1324
1025,1031,211,212
1006,1007,228,234
1827,1840,1311,1311
453,459,891,892
1900,1906,110,111
1670,1683,1322,1322
1327,1340,1346,1346
1401,1407,167,168
1180,1186,183,184
1255,1268,1351,1351
1248,1249,196,202
1698,1711,1320,1320
1784,1797,1314,1314
1265,1268,177,179
306,312,940,941
1355,1368,1344,1344
1633,1639,133,134
1441,1454,1338,1338
1008,1009,681,687
710,716,789,790
2397,2403,45,46
1768,1774,126,127
1885,1891,106,107
1040,1046,215,216
32,33,1073,1078
1513,1519,151,152
1925,1927,111,114
2132,2138,78,79
764,765,259,264
2208,2209,113,118
1528,1534,155,156
873,874,256,261
1119,1120,228,233
764,765,749,754
344,350,950,951
2240,2246,57,58
482,487,880,881
946,946,164,177
45,46,1039,1044
180,185,994,995
1252,1253,184,189
1970,1971,89,94
2147,2153,82,83
1499,1504,147,148
1236,1237,177,182
2387,2397,1188,1188
1880,1881,1270,1275
1555,1558,143,145
2087,2088,75,80
777,778,767,772
1473,1474,219,224
1488,1488,121,133
1835,1836,136,141
395,396,920,924
2409,2419,1186,1186
2465,2476,1181,1181
1125,1126,211,216
2567,2577,1172,1172
2332,2333,98,103
172,173,1016,1021
866,867,276,281
2353,2363,1191,1191
1376,1377,170,175
1365,1366,201,206
166,167,1033,1038
1713,1715,143,146
2090,2091,119,124
2522,2532,1176,1176
1609,1610,170,174
657,658,818,822
2342,2343,72,77
1656,1660,121,122
39,40,1108,1112
3670,3679,995,995
3425,3434,1021,1021
162,163,993,997
2432,2442,1184,1184
992,993,688,692
532,533,876,881
972,973,267,271
2499,2509,1178,1178
645,646,798,802
668,669,786,790
544,545,843,847
3444,3453,1019,1019
1011,1011,696,705
1342,1343,210,214
752,753,781,785
1231,1232,191,195
3651,3660,997,997
1236,1237,230,234
2082,2083,142,146
671,675,778,779
1338,1339,221,225
406,407,944,948
772,773,729,733
3538,3547,1009,1009
994,995,262,266
665,666,795,799
162,163,1045,1049
1357,1358,224,228
1768,1772,108,109
2194,2195,97,101
2681,2690,1100,1100
1722,1723,121,125
1484,1485,188,192
1602,1603,190,194
2086,2087,131,135
166,167,982,986
2700,2709,1098,1098
754,755,235,239
1495,1496,157,161
730,731,311,315
758,759,225,229
1709,1710,155,159
653,654,829,833
1981,1982,111,115
1841,1842,174,178
745,746,259,263
1588,1589,174,178
1705,1706,165,169
1956,1957,126,130
524,525,846,850
1001,1002,757,761
2662,2671,1102,1102
742,746,314,315
408,409,886,890
647,648,846,850
984,988,284,285
1585,1586,182,186
2312,2313,1210,1214
2091,2092,65,69
1010,1011,217,221
768,769,739,743
57,58,1057,1061
290,291,934,938
1096,1097,237,241
1361,1362,213,217
1615,1616,153,157
2212,2213,102,106
788,789,736,740
1100,1101,227,231
985,986,233,237
419,420,907,911
528,529,888,892
1092,1093,248,252
2066,2067,130,134
775,776,721,725
509,510,885,889
1477,1478,208,212
3586,3594,1004,1004
851,853,732,734
1853,1854,141,145
1227,1228,201,205
3407,3415,1023,1023
3567,3575,1006,1006
402,403,902,906
996,997,766,770
2964,2972,1070,1070
3501,3509,1013,1013
3284,3293,1036,1036
1011,1011,720,728
767,768,795,799
989,990,223,227
2604,2605,1136,1140
3520,3528,1011,1011
3303,3311,1034,1034
1960,1961,116,120
1512,1520,134,134
3388,3396,1025,1025
3237,3245,1041,1041
1915,1924,114,114
1925,1927,98,100
2203,2204,74,78
3369,3377,1027,1027
1681,1683,140,142
1228,1230,250,252
2757,2765,1092,1092
2429,2433,35,36
2936,2944,1073,1073
630,632,854,856
3256,3264,1039,1039
3350,3358,1029,1029
39,47,1309,1309
2738,2746,1094,1094
2804,2812,1087,1087
851,853,719,721
3473,3481,1016,1016
2612,2614,1125,1127
2165,2167,81,83
238,240,1004,1006
729,731,788,790
1313,1315,172,174
3190,3198,1046,1046
3002,3010,1066,1066
3322,3330,1032,1032
3115,3123,1054,1054
2104,2105,80,84
3209,3217,1044,1044
1556,1558,157,159
3030,3038,1063,1063
3614,3622,1001,1001
2917,2925,1075,1075
2785,2793,1089,1089
2832,2840,1084,1084
2165,2167,68,70
2332,2334,114,116
1700,1702,194,196
1338,1339,235,238
972,974,283,285
3077,3085,1058,1058
2617,2619,1118,1120
2348,2349,57,61
1681,1683,127,129
238,240,991,993
118,120,1046,1048
3162,3170,1049,1049
1457,1459,222,224
1437,1439,171,173
2870,2878,1080,1080
2851,2859,1082,1082
3058,3066,1060,1060
3096,3104,1056,1056
992,992,733,741
2983,2991,1068,1068
86,89,1055,1056
1999,2002,90,91
470,473,877,878
729,731,776,778
2898,2906,1077,1077
193,201,981,981
2287,2289,51,53
590,598,823,823
3143,3151,1051,1051
845,847,293,295
485,487,894,896
1055,1058,218,219
1140,1143,190,191
1214,1215,249,252
2270,2273,64,65
574,577,818,819
364,366,937,939
91,98,1040,1040
2385,2392,42,42
205,208,1000,1001
2010,2013,93,94
695,702,768,768
2191,2192,106,109
2019,2022,78,79
1781,1784,111,112
814,817,248,249
2047,2049,98,100
2599,2600,1144,1147
827,834,714,714
1867,1869,1291,1293
1276,1279,163,164
711,714,771,772
265,267,1015,1017
1159,1162,195,196
866,867,225,228
878,879,242,245
1312,1315,186,187
811,814,726,727
2031,2034,81,82
585,588,838,839
819,822,711,712
119,120,1057,1060
1192,1193,186,189
1437,1439,158,160
1665,1672,124,124
337,340,930,931
2393,2396,26,27
2373,2380,39,39
1152,1155,176,177
904,907,222,223
996,997,656,659
2365,2366,62,65
2336,2337,89,92
985,986,755,758
930,933,229,230
1543,1546,158,159
1291,1294,184,185
1525,1532,137,137
904,907,205,206
194,197,997,998
1061,1064,202,203
1913,1916,95,96
457,460,874,875
103,110,1043,1043
224,227,1005,1006
1049,1052,199,200
2264,2271,46,46
683,690,782,782
145,146,1038,1041
218,221,986,987
566,569,833,834
2622,2623,1111,1114
1800,1801,116,119
1389,1396,164,164
333,335,946,947
1013,1020,208,208
1104,1107,265,266
1783,1786,129,130
31,34,1125,1126
1537,1544,140,140
1741,1748,119,119
2188,2191,130,131
2200,2203,130,131
427,433,884,884
325,328,927,928
2255,2258,43,44
943,946,215,216
271,271,984,990
445,448,871,872
916,919,208,209
1004,1005,671,674
1648,1651,136,137
605,608,826,827
386,389,960,961
71,77,1052,1052
1416,1422,171,171
848,848,272,278
1280,1283,181,182
943,946,229,230
1470,1470,174,180
1092,1093,263,266
2344,2346,115,116
981,982,763,766
986,987,669,672
2627,2633,1106,1106
1829,1830,153,156
1269,1275,179,179
1621,1621,136,141
1973,1973,133,138
1611,1612,116,118
366,366,946,951
1000,1001,663,666
893,899,220,220
788,794,242,242
438,444,887,887
159,160,1003,1005
884,884,225,230
2094,2094,108,113
549,554,829,829
1667,1673,142,142
1872,1873,1285,1287
60,66,1049,1049
830,836,732,732
2229,2235,54,54
1867,1872,101,101
829,831,235,236
2588,2589,1161,1163
2412,2414,48,49
1623,1628,130,130
1799,1801,129,130
2300,2302,1226,1227
2216,2216,90,95
290,290,985,990
1129,1129,200,205
1863,1864,112,114
989,989,747,752
1606,1606,178,183
541,541,851,856
536,537,817,819
1844,1845,166,168
1549,1554,143,143
1832,1833,147,149
156,157,1011,1013
732,734,314,315
730,730,300,305
522,523,904,906
1753,1759,122,122
2359,2360,79,81
2107,2112,71,71
285,285,999,1004
851,852,265,267
1725,1725,164,169
785,785,744,749
2225,2226,65,67
1985,1985,99,104
662,663,803,805
1603,1604,137,139
1826,1828,177,178
1582,1584,206,207
2289,2289,60,65
1233,1233,238,243
793,798,722,722
1112,1113,248,250
1967,1968,100,102
1006,1007,744,746
2095,2096,57,59
2047,2049,86,87
139,140,1069,1071
861,861,239,244
2431,2433,49,50
277,279,1016,1017
858,860,294,295
392,393,930,932
768,768,247,252
1948,1950,164,165
1858,1859,126,128
1989,1994,88,88
755,756,284,286
774,774,775,780
642,643,808,810
1719,1719,181,186
829,831,248,249
1073,1073,205,210
1882,1883,1270,1272
2188,2188,115,120
606,608,840,841
52,52,1071,1076
2198,2199,89,91
1193,1193,195,200
521,522,856,858
485,487,882,883
303,303,948,953
870,870,265,270
996,997,207,209
176,176,1005,1010
1460,1461,202,204
979,979,251,256
42,43,1050,1052
2322,2324,1199,1200
2595,2596,1151,1153
1863,1864,1298,1300
1736,1736,133,138
1606,1607,129,131
1481,1481,196,201
281,282,1010,1012
845,845,281,286
508,510,905,906
1471,1472,222,224
2066,2067,146,148
415,416,870,872
389,390,938,940
279,280,965,967
639,644,856,856
265,265,1001,1006
536,536,865,870
1072,1073,217,219
636,637,824,826
19,19,1122,1126
412,413,878,880
2070,2071,122,124
1715,1716,192,194
639,640,816,818
982,982,244,248
518,519,864,866
858,859,247,249
990,991,273,275
987,988,281,283
292,293,979,981
976,977,259,261
386,387,946,948
1739,1739,125,129
736,736,285,289
752,754,798,799
1485,1485,137,141
287,288,944,946
1719,1720,131,133
353,357,935,935
2223,2223,71,75
2215,2215,45,49
152,154,1070,1071
2357,2357,36,40
399,400,912,914
268,268,994,998
412,412,927,931
2006,2010,76,76
659,659,764,768
528,528,838,842
2073,2073,115,119
29,29,1084,1088
742,743,269,271
2369,2369,51,55
633,633,832,836
403,403,952,956
2212,2212,53,57
1974,1974,82,86
753,753,290,294
1700,1700,181,185
1592,1592,166,170
1886,1887,1264,1266
475,479,896,896
1371,1371,184,188
1976,1976,125,129
771,771,784,788
423,423,896,900
1365,1365,153,157
854,854,258,262
1111,1111,201,205
733,733,293,297
1475,1475,163,167
756,756,773,777
39,39,1058,1062
21,21,1105,1109
2357,2357,85,89
1826,1826,163,167
761,761,760,764
150,150,1027,1031
1948,1948,150,154
993,993,215,219
1000,1000,245,249
1848,1848,155,159
2081,2081,94,98
1951,1951,142,146
1256,1260,175,175
1110,1110,254,258
2371,2371,45,49
2099,2099,94,98
1354,1354,232,236
1222,1222,217,221
1599,1599,198,202
284,284,952,956
1347,1347,200,204
1457,1457,210,214
2084,2084,86,90
533,533,825,829
153,153,1019,1023
1240,1240,170,174
300,300,957,961
1970,1970,142,146
1352,1352,187,191
1964,1964,108,112
1728,1728,156,160
872,872,211,215
1108,1108,209,213
993,993,733,737
869,869,219,223
1116,1116,188,192
2352,2352,99,103
630,630,840,844
1713,1713,147,151
2207,2207,66,70
739,739,277,281
749,749,251,255
1360,1360,166,170
2349,2349,107,111
140,140,1053,1057
1847,1847,108,112
1876,1877,1279,1281
1726,1726,113,117
45,45,1091,1095
1842,1842,121,125
781,781,708,712
2352,2352,49,53
1119,1119,180,184
1839,1839,129,133
157,157,1059,1063
719,723,774,774
1001,1001,194,198
1217,1217,230,234
36,36,1066,1070
515,515,872,876
1855,1856,87,88
1977,1977,74,78
1243,1243,162,166
276,276,973,977
26,26,1092,1096
1425,1429,156,156
1467,1467,184,188
1116,1116,237,241
656,656,772,776
2417,2421,33,33
1355,1355,179,183
651,651,785,789
1393,1396,148,148
1214,1214,238,242
2339,2339,83,87
1597,1597,153,157
1965,1965,156,160
2076,2076,107,111
1600,1600,145,149
1380,1384,161,161
933,936,213,213
1242,1242,213,217
272,272,984,987
1798,1799,116,117
1722,1722,173,177
1478,1478,155,159
1582,1582,192,196
863,863,285,289
1595,1596,206,207
294,294,926,930
831,834,715,715
2385,2388,41,41
107,110,1044,1044
2296,2297,1232,1233
1028,1031,195,195
1852,1852,95,99
900,903,205,205
759,759,273,277
1409,1412,152,152
2153,2156,66,66
1427,1430,173,173
2128,2131,60,60
582,585,821,821
812,815,231,231
2247,2250,58,58
804,807,229,229
478,481,880,880
694,697,784,784
2049,2049,88,91
818,821,249,249
1513,1516,150,150
2136,2139,62,62
240,240,994,997
1927,1927,107,110
731,731,784,787
1408,1411,168,168
1401,1404,150,150
2374,2377,38,38
453,456,874,874
1652,1655,121,121
2154,2157,83,83
1417,1420,154,154
1178,1181,200,200
2606,2607,1136,1137
228,231,1006,1006
1163,1166,196,196
1104,1105,220,221
596,599,841,841
20,21,1125,1126
333,336,930,930
82,85,1038,1038
364,365,950,951
2049,2049,94,97
853,853,728,731
1677,1680,127,127
1890,1891,1259,1260
1037,1040,197,197
1188,1191,186,186
1552,1555,159,159
763,763,261,264
1893,1896,91,91
1490,1490,171,174
2433,2433,37,40
1004,1005,233,234
1481,1482,148,149
2120,2123,58,58
1777,1780,111,111
994,995,769,770
562,565,816,816
796,799,227,227
2276,2279,49,49
1191,1192,199,200
1071,1072,205,206
1059,1062,219,219
1295,1298,185,185
815,818,711,711
2124,2127,75,75
577,580,836,836
206,209,984,984
321,324,927,927
1057,1060,202,202
1045,1048,199,199
74,77,1036,1036
1517,1520,135,135
2039,2042,84,84
2332,2332,110,113
351,354,951,951
731,731,779,782
1764,1767,108,108
847,850,734,734
1775,1778,127,127
707,710,771,771
1669,1672,125,125
1148,1151,176,176
2609,2610,1132,1133
1309,1312,172,172
1839,1840,177,178
2251,2254,43,43
2287,2288,64,65
934,937,230,230
1547,1550,159,159
2268,2271,47,47
198,201,982,982
2167,2167,71,74
2389,2392,26,26
839,842,717,717
595,598,824,824
1644,1647,119,119
1636,1639,117,117
1471,1471,174,177
336,339,947,947
820,823,233,233
2255,2258,60,60
923,926,227,227
2037,2040,100,100
1293,1296,168,168
772,775,237,237
2029,2032,98,98
120,120,1049,1052
558,561,831,831
1901,1904,93,93
799,802,244,244
1144,1147,191,191
822,825,729,729
1170,1173,198,198
329,332,974,974
806,809,246,246
313,316,941,941
717,720,790,790
460,463,892,892
481,484,896,896
1768,1771,125,125
2401,2404,29,29
633,636,856,856
2043,2046,100,100
2335,2338,116,116
1176,1179,183,183
2027,2030,81,81
643,644,854,855
1921,1924,113,113
240,240,1000,1003
1640,1643,134,134
745,746,312,313
912,915,208,208
1301,1304,170,170
214,217,986,986
999,1000,760,761
983,984,663,664
2262,2265,62,62
1683,1683,130,133
441,444,871,871
780,783,239,239
787,790,225,225
1541,1544,141,141
1733,1733,142,145
406,406,895,898
1094,1095,265,266
209,212,1001,1001
2584,2584,1167,1170
687,690,766,766
1032,1035,212,212
992,992,684,687
2139,2142,79,79
345,348,933,933
849,849,272,275
386,387,958,959
1314,1315,184,185
33,34,1123,1124
2305,2306,1221,1222
683,686,781,781
1961,1962,164,165
1529,1532,138,138
841,844,734,734
226,229,989,989
2015,2018,78,78
803,806,724,724
2404,2407,46,46
1528,1531,154,154
2145,2148,64,64
466,469,877,877
1909,1912,95,95
2014,2017,94,94
807,810,709,709
570,573,818,818
397,400,961,961
2147,2150,81,81
1892,1895,107,107
1247,1247,199,202
1168,1171,181,181
2161,2164,68,68
1907,1910,111,111
1756,1759,106,106
2003,2006,91,91
1047,1050,216,216
1156,1159,223,223
234,237,1006,1006
1025,1028,210,210
216,219,1003,1003
1877,1880,103,103
186,189,995,995
1885,1888,89,89
95,98,1041,1041
411,414,1325,1325
845,845,289,292
1659,1662,139,139
468,471,894,894
1457,1457,218,221
1915,1918,113,113
1855,1858,1309,1309
1535,1538,156,156
1285,1288,166,166
321,324,943,943
1900,1903,109,109
2289,2289,54,57
924,927,211,211
2243,2246,41,41
2409,2412,31,31
1040,1043,214,214
1389,1392,163,163
2314,2315,1210,1211
97,100,1058,1058
699,702,769,769
1789,1792,114,114
234,237,991,991
853,853,722,725
1160,1163,179,179
763,766,799,799
702,705,786,786
1927,1927,101,104
1340,1341,237,238
1114,1114,195,197
54,54,1065,1067
1505,1508,148,148
2318,2319,1205,1206
2327,2328,1194,1195
2366,2366,59,61
1272,1275,163,163
2415,2418,49,49
658,658,815,817
1434,1436,158,158
525,525,896,898
1184,1186,185,185
1011,1011,214,216
915,918,225,225
1092,1092,253,255
1375,1375,173,175
2132,2134,77,77
946,946,217,219
1860,1861,1304,1305
2068,2070,148,148
2397,2399,44,44
1520,1523,152,152
1667,1669,141,141
991,991,270,272
2612,2612,1128,1130
872,872,259,261
2083,2083,139,141
789,789,733,735
166,166,987,989
987,987,233,235
206,206,1026,1028
407,407,941,943
980,980,251,253
163,163,1042,1044
972,972,280,282
765,765,256,258
159,159,1053,1055
1239,1239,221,223
171,171,1019,1021
1829,1829,157,159
981,981,767,769
2354,2354,93,95
1009,1009,219,221
2362,2362,25,27
535,535,868,870
2346,2346,67,69
2201,2201,84,86
770,770,242,244
1358,1358,221,223
784,784,747,749
2284,2286,51,51
1124,1124,214,216
42,42,1099,1101
1113,1113,245,247
1005,1005,675,677
726,728,790,790
289,289,988,990
451,453,918,918
2101,2101,88,90
1982,1982,108,110
1007,1007,225,227
1131,1131,194,196
84,86,1083,1083
666,666,792,794
1338,1338,226,228
414,414,921,923
1582,1582,203,205
817,819,756,756
410,410,886,888
2210,2210,60,62
731,731,300,302
2344,2344,72,74
710,712,788,788
862,862,239,241
34,34,1073,1075
1238,1238,177,179
1972,1972,136,138
425,425,890,892
608,608,837,839
1232,1232,241,243
1854,1854,138,140
1707,1707,165,167
990,990,747,749
1742,1744,118,118
47,47,1039,1041
650,650,837,839
366,366,940,942
120,120,1054,1056
1700,1700,191,193
161,161,1047,1049
51,51,1074,1076
2220,2220,79,81
997,997,253,255
776,776,770,772
975,977,285,285
1480,1480,199,201
1605,1605,181,183
1861,1861,118,120
1724,1724,167,169
648,648,843,845
1753,1755,121,121
1922,1924,98,98
1476,1476,210,212
453,455,890,890
864,864,234,236
767,767,250,252
1474,1474,216,218
1037,1039,235,235
2196,2196,97,99
608,608,828,830
1368,1368,147,149
297,297,965,967
1235,1235,232,234
2360,2360,76,78
2209,2209,110,112
154,154,1067,1069
545,545,840,842
58,58,1054,1056
2105,2105,77,79
2255,2255,86,88
1837,1837,136,138
198,200,998,998
40,40,1105,1107
2300,2300,1228,1230
1315,1315,175,177
815,817,727,727
848,850,719,719
1439,1439,168,170
748,748,304,306
36,36,1116,1118
2093,2093,65,67
589,591,839,839
1106,1106,216,218
1867,1867,1294,1296
2091,2091,116,118
1633,1635,132,132
105,107,1060,1060
420,420,904,906
2013,2015,122,122
1014,1016,207,207
865,865,279,281
266,266,1001,1003
2426,2428,35,35
2334,2334,98,100
1610,1610,167,169
361,363,937,937
1601,1601,192,194
656,656,820,822
2203,2203,127,129
2087,2087,128,130
2360,2360,30,32
1852,1852,143,145
2191,2191,110,112
524,524,851,853
438,440,886,886
2089,2089,75,77
408,408,891,893
946,946,226,228
16,18,1308,1308
2117,2119,73,73
2213,2213,99,101
697,697,806,808
162,162,998,1000
1620,1620,139,141
1850,1850,149,151
768,768,744,746
1678,1680,142,142
1009,1009,735,737
1416,1418,170,170
1118,1118,231,233
543,543,845,847
38,38,1110,1112
1603,1603,187,189
487,487,884,886
1098,1098,237,239
2207,2207,116,118
1366,1366,198,200
1152,1154,193,193
145,145,1042,1044
573,575,863,863
392,392,933,935
570,572,834,834
908,910,223,223
509,509,890,892
1100,1100,232,234
756,756,281,283
2167,2167,78,80
2336,2336,93,95
985,985,238,240
1717,1717,139,141
165,165,1036,1038
754,754,240,242
90,92,1056,1056
831,831,237,239
60,62,1048,1048
1855,1855,89,91
1826,1826,174,176
1801,1801,126,128
766,766,749,751
1120,1120,225,227
47,47,1085,1087
1377,1377,167,169
175,175,1008,1010
1401,1403,166,166
1362,1362,210,212
529,529,885,887
1683,1683,137,139
1616,1616,150,152
409,409,935,937
866,866,229,231
168,168,982,984
676,678,779,779
875,875,205,207
284,284,1002,1004
268,270,1017,1017
1967,1967,150,152
756,756,235,237
869,869,268,270
831,831,245,247
1652,1654,137,137
867,867,273,275
2226,2226,62,64
830,832,731,731
1225,1225,211,213
1492,1492,165,167
752,752,795,797
1237,1237,227,229
773,773,778,780
1618,1618,144,146
2274,2276,65,65
1703,1703,175,177
1360,1360,215,217
1483,1483,144,146
1216,1218,252,252
519,521,906,906
2189,2189,115,117
752,752,786,788
1948,1948,161,163
893,895,219,219
1269,1271,178,178
1980,1980,113,115
115,117,1046,1046
1705,1705,170,172
972,972,272,274
778,778,764,766
2215,2215,93,95
1891,1893,135,135
2093,2093,111,113
302,302,951,953
1434,1436,173,173
531,531,879,881
540,540,854,856
1284,1286,182,182
2068,2068,130,132
1718,1718,184,186
2091,2091,70,72
1251,1251,187,189
344,346,949,949
2089,2089,122,124
995,995,259,261
2240,2242,56,56
547,547,834,836
1954,1954,136,138
1885,1887,105,105
750,750,298,300
779,779,715,717
768,768,792,794
2433,2433,46,48
1496,1496,154,156
1958,1958,126,128
2079,2079,101,103
1009,1009,688,690
116,118,1060,1060
1303,1305,187,187
2070,2070,125,127
1463,1463,196,198
851,851,268,270
575,575,857,859
307,309,939,939
1972,1972,89,91
1007,1007,741,743
487,487,891,893
1468,1470,224,224
1364,1364,204,206
1845,1845,163,165
1478,1478,205,207
1069,1071,219,219
1128,1128,203,205
71,73,1051,1051
883,883,228,230
990,990,676,678
1007,1007,681,683
1703,1705,196,196
1344,1344,210,212
1609,1609,124,126
881,881,234,236
1249,1249,193,195
791,791,727,729
395,395,925,927
2066,2066,135,137
2081,2081,144,146
397,397,920,922
1987,1987,94,96
2188,2188,127,129
1558,1558,146,148
974,974,267,269
1220,1220,224,226
780,780,758,760
1230,1230,247,249
141,143,1071,1071
1460,1462,224,224
1096,1096,242,244
329,331,945,945
305,305,943,945
1984,1984,102,104
2162,2164,83,83
1465,1465,191,193
645,645,803,805
1107,1107,262,264
846,846,281,283
788,790,241,241
2085,2085,133,135
1229,1229,201,203
1227,1227,206,208
1485,1485,185,187
2022,2024,96,96
654,654,826,828
2194,2194,102,104
1787,1789,130,130
2397,2399,66,66
987,987,755,756
1380,1381,160,160
1342,1342,215,217
1735,1735,136,138
1956,1956,131,133
1115,1115,240,241
988,988,671,672
1439,1439,161,163
1606,1606,132,133
858,858,250,251
2370,2370,48,49
1012,1012,211,212
657,657,772,773
332,332,968,969
819,819,750,751
1231,1231,196,197
983,983,661,662
332,332,972,973
1865,1865,1298,1299
1801,1801,120,121
982,983,285,285
529,529,838,839
758,758,230,231
742,742,272,273
976,976,262,263
981,981,656,657
2082,2082,94,95
2293,2294,1237,1237
2429,2430,50,50
1585,1586,207,207
2342,2343,116,116
40,40,1058,1059
1601,1601,145,146
1363,1363,161,162
1648,1649,164,164
862,862,288,289
1864,1864,110,111
1281,1281,203,204
2342,2342,78,79
1845,1845,116,117
1721,1721,176,177
1969,1969,145,146
1497,1497,151,152
762,762,760,761
873,873,211,212
1832,1832,150,151
2627,2627,1107,1108
797,797,265,266
2348,2348,62,63
1724,1724,121,122
2253,2254,88,88
2228,2228,57,58
1373,1373,179,180
2208,2208,66,67
1967,1967,103,104
1848,1848,108,109
1553,1554,144,144
1593,1594,207,207
777,777,721,722
2348,2348,110,111
2103,2103,83,84
1235,1235,186,187
1102,1103,266,266
1126,1126,209,210
2332,2332,104,105
750,750,251,252
1850,1850,103,104
411,411,930,931
740,741,315,315
1499,1500,146,146
1975,1975,128,129
1241,1241,216,217
27,27,1092,1093
156,156,1014,1015
279,279,968,969
774,774,729,730
760,760,225,226
1483,1483,191,192
299,299,960,961
857,857,253,254
1404,1405,195,195
173,173,1014,1015
983,983,763,764
2358,2358,36,37
1236,1236,183,184
1476,1476,163,164
1603,1603,140,141
1827,1827,163,164
150,151,1071,1071
2211,2211,105,106
1598,1598,201,202
362,363,951,951
30,30,1084,1085
2624,2625,1111,1111
274,274,981,982
652,652,832,833
141,141,1053,1054
1952,1952,142,143
292,292,934,935
1738,1738,128,129
634,634,832,833
1348,1348,200,201
1614,1614,156,157
159,159,1006,1007
1479,1479,155,156
1214,1214,247,248
734,734,293,294
1970,1970,95,96
855,855,258,259
518,518,867,868
1233,1233,191,192
1361,1361,166,167
1094,1094,248,249
273,273,984,985
1840,1840,129,130
1892,1893,129,129
386,386,956,957
649,649,793,794
2132,2133,105,105
2355,2355,44,45
1358,1358,174,175
1598,1598,153,154
32,32,1079,1080
728,728,776,777
1223,1223,217,218
1191,1191,187,188
652,652,785,786
167,167,1031,1032
1189,1190,200,200
670,670,781,782
1722,1722,126,127
1965,1965,108,109
782,782,708,709
986,986,667,668
1122,1122,175,176
1117,1117,188,189
2285,2286,65,65
695,696,806,806
1356,1356,227,228
697,697,811,812
511,511,885,886
1595,1595,161,162
1350,1350,195,196
1593,1593,166,167
534,534,825,826
156,156,1062,1063
1349,1350,238,238
1701,1701,181,182
2350,2350,57,58
2098,2098,97,98
1837,1838,178,178
1109,1109,209,210
1962,1962,116,117
737,737,285,286
2193,2193,106,107
764,764,755,756
1120,1120,180,181
989,989,228,229
86,86,1081,1082
1001,1001,667,668
1073,1073,215,216
37,37,1066,1067
523,523,902,903
2218,2218,40,41
1460,1460,205,206
290,290,939,940
1226,1227,252,252
1356,1356,179,180
631,631,840,841
386,386,949,950
143,143,1048,1049
1468,1468,184,185
2338,2338,89,90
1405,1405,189,190
164,164,993,994
993,993,265,266
1134,1135,188,188
428,429,883,883
269,269,994,995
758,758,276,277
794,795,721,721
2601,2601,1144,1145
2322,2322,1201,1202
1960,1960,121,122
1847,1847,158,159
1004,1004,751,752
2095,2095,60,61
2085,2085,86,87
285,285,952,953
2351,2351,102,103
646,646,849,850
508,508,903,904
531,531,833,834
293,293,977,978
2617,2618,1121,1121
1727,1727,113,114
402,402,907,908
1959,1960,165,165
533,533,874,875
1069,1070,205,205
265,265,1013,1014
1964,1964,159,160
389,389,941,942
870,870,219,220
747,747,259,260
412,412,881,882
282,282,960,961
1215,1215,238,239
988,988,279,280
755,756,799,799
999,999,248,249
2368,2368,54,55
287,287,947,948
1353,1353,235,236
642,642,811,812
1719,1719,134,135
819,819,754,755
2353,2353,49,50
1590,1590,174,175
636,636,827,828
536,536,820,821
991,991,223,224
985,985,759,760
45,45,1045,1046
983,983,244,245
1829,1830,178,178
630,630,852,853
1109,1109,257,258
2014,2015,116,116
770,770,739,740
1949,1949,150,151
1729,1729,108,109
1310,1311,187,187
1481,1481,150,151
664,664,798,799
2592,2593,1157,1157
154,154,1019,1020
415,415,873,874
848,848,294,295
1842,1842,172,173
1473,1473,171,172
860,860,292,293
56,56,1060,1061
1835,1835,142,143
1112,1112,201,202
669,669,784,785
911,912,252,252
405,405,947,948
772,772,734,735
1494,1494,160,161
179,179,997,998
1002,1002,194,195
999,999,663,664
775,775,726,727
205,206,1022,1022
1281,1281,208,209
1585,1585,187,188
1159,1159,221,222
639,639,819,820
29,30,1126,1126
1524,1524,180,181
1241,1241,170,171
2087,2087,81,82
19,19,1113,1114
2309,2309,1217,1218
941,942,230,230
994,994,215,216
275,276,1017,1017
2074,2074,115,116
1002,1002,755,756
2255,2255,82,83
1353,1353,187,188
1853,1853,95,96
1102,1102,227,228
22,23,1126,1126
521,521,859,860
2216,2216,45,46
770,770,787,788
879,879,240,241
282,282,1008,1009
399,399,915,916
147,147,1038,1039
2066,2066,144,145
752,752,246,247
2431,2432,37,37
1711,1711,155,156
295,295,926,927
1859,1859,124,125
277,277,973,974
1727,1727,159,160
2213,2213,53,54
1159,1159,217,218
1557,1558,156,156
1486,1486,137,138
997,997,764,765
24,24,1100,1101
827,828,249,249
1588,1588,179,180
516,516,872,873
139,139,1067,1068
663,663,801,802
603,604,826,826
660,660,764,765
941,942,215,215
2356,2356,88,89
754,754,781,782
422,422,899,900
526,526,846,847
1096,1097,266,266
1246,1246,201,202
735,736,315,315
404,404,902,903
1218,1218,230,231
2077,2078,148,148
1370,1370,187,188
527,527,891,892
402,402,955,956
1714,1714,147,148
887,888,217,217
59,59,1051,1052
1611,1611,119,120
740,740,277,278
1005,1005,231,232
400,400,959,960
575,575,861,862
1366,1366,153,154
1868,1869,100,100
44,44,1094,1095
2077,2077,107,108
42,42,1053,1054
1709,1709,160,161
1797,1798,130,130
1608,1608,173,174
1338,1338,233,234
1863,1863,1301,1302
787,787,739,740
1975,1975,82,83
2230,2231,53,53
752,752,293,294
1831,1831,153,154
2203,2203,79,80
1253,1253,182,183
746,746,310,311
2340,2340,83,84
2222,2222,74,75
874,874,254,255
757,757,773,774
1843,1843,121,122
148,148,1035,1036
1583,1583,192,193
745,745,264,265
996,996,210,211
995,995,656,657
654,654,780,781
418,418,910,911
1104,1104,222,223
2205,2205,122,123
1244,1244,162,163
1340,1340,221,222
1587,1587,182,183
1622,1622,133,134
604,605,841,841
2205,2205,74,75
667,667,789,790
1458,1458,210,211
287,287,994,995
204,205,1028,1028
151,151,1027,1028
647,647,798,799
1951,1952,165,165
766,766,797,798
730,730,309,310
2585,2585,1167,1168
1193,1193,190,191
759,759,768,769
1978,1978,74,75
22,22,1105,1106
2106,2106,74,75
1710,1711,196,196
549,550,828,828
513,513,880,881
1472,1472,174,175
999,999,202,203
2198,2198,92,93
3555,3556,1008,1008
1716,1716,190,191
1886,1886,1267,1267
728,728,789,789
1312,1312,173,173
1216,1216,251,251
2432,2432,48,48
2620,2620,1118,1118
574,574,857,857
797,797,271,271
268,268,1016,1016
1682,1682,139,139
239,239,994,994
850,850,733,733
1280,1280,209,209
1072,1072,207,207
1039,1039,241,241
1472,1472,221,221
2599,2599,1148,1148
631,631,853,853
2346,2346,114,114
2624,2624,1112,1112
2602,2602,1144,1144
20,20,1124,1124
452,452,912,912
997,997,660,660
206,206,1023,1023
1767,1767,152,152
390,390,961,961
2046,2046,99,99
363,363,938,938
1868,1868,1294,1294
973,973,282,282
237,237,992,992
2333,2333,113,113
1880,1880,1276,1276
2189,2189,129,129
2325,2325,1199,1199
2301,2301,1228,1228
1893,1893,130,130
1680,1680,141,141
2015,2015,121,121
830,830,247,247
1458,1458,221,221
846,846,292,292
2609,2609,1134,1134
237,237,1005,1005
1840,1840,176,176
141,141,1070,1070
912,912,246,246
1192,1192,198,198
1767,1767,147,147
796,796,265,265
1680,1680,128,128
771,771,239,239
2615,2615,1125,1125
34,34,1122,1122
2254,2254,82,82
945,945,217,217
1827,1827,176,176
1740,1740,122,122
1924,1924,112,112
753,753,797,797
2590,2590,1161,1161
1865,1865,107,107
857,857,295,295
2628,2628,1107,1107
484,484,882,882
2310,2310,1217,1217
830,830,237,237
1003,1003,671,671
509,509,904,904
1649,1649,163,163
453,453,917,917
633,633,855,855
1438,1438,170,170
1682,1682,130,130
1988,1988,91,91
2399,2399,67,67
2327,2327,1196,1196
1890,1890,1261,1261
1703,1703,195,195
399,399,960,960
2613,2613,1128,1128
945,945,228,228
153,153,1069,1069
1470,1470,223,223
1870,1870,1291,1291
2164,2164,82,82
853,853,265,265
2586,2586,1167,1167
1071,1071,218,218
1524,1524,175,175
1955,1955,136,136
607,607,828,828
1714,1714,194,194
2296,2296,1234,1234
2298,2298,1232,1232
2604,2604,1141,1141
1649,1649,159,159
407,407,895,895
2372,2372,42,42
2305,2305,1223,1223
2595,2595,1154,1154
1254,1254,179,179
1874,1874,1285,1285
852,852,722,722
1973,1973,89,89
642,642,855,855
426,426,887,887
1460,1460,223,223
696,696,812,812
1555,1555,158,158
521,521,905,905
2164,2164,69,69
1000,1000,759,759
1106,1106,264,264
1039,1039,236,236
2303,2303,1226,1226
850,850,720,720
885,885,223,223
2588,2588,1164,1164
2293,2293,1238,1238
1884,1884,1270,1270
1557,1557,146,146
2617,2617,1122,1122
2288,2288,63,63
2622,2622,1115,1115
1872,1872,1288,1288
85,85,1077,1077
975,975,284,284
2202,2202,129,129
1227,1227,251,251
1092,1092,262,262
365,365,949,949
1797,1797,116,116
1523,1523,181,181
118,118,1059,1059
1876,1876,1282,1282
1280,1280,203,203
2606,2606,1138,1138
2314,2314,1212,1212
1436,1436,159,159
1962,1962,163,163
818,818,750,750
1158,1158,217,217
2046,2046,86,86
2133,2133,104,104
1404,1404,189,189
886,886,220,220
2323,2323,1201,1201
2068,2068,147,147
484,484,895,895
1860,1860,1306,1306
1878,1878,1279,1279
730,730,779,779
1800,1800,128,128
2048,2048,97,97
1342,1342,238,238
1949,1949,163,163
1716,1716,143,143
2133,2133,100,100
732,732,313,313
1882,1882,1273,1273
1352,1352,236,236
765,765,798,798
2286,2286,52,52
117,117,1047,1047
995,995,768,768
2192,2192,131,131
1315,1315,183,183
828,828,235,235
1464,1464,196,196
744,744,313,313
1926,1926,110,110
850,850,272,272
279,279,1015,1015
1888,1888,1264,1264
1558,1558,155,155
1405,1405,194,194
2320,2320,1205,1205
119,119,1049,1049
730,730,787,787
852,852,731,731
1314,1314,175,175
1583,1583,205,205
2316,2316,1210,1210
2432,2432,38,38
511,511,906,906
1190,1190,187,187
2080,2080,146,146
2199,2199,131,131
239,239,1003,1003
644,644,853,853
365,365,940,940
1926,1926,101,101
727,727,776,776
1701,1701,193,193
2048,2048,88,88
266,266,1014,1014
2166,2166,80,80
1596,1596,205,205
2166,2166,71,71
868,868,225,225
986,986,283,283
2288,2288,54,54
2318,2318,1207,1207
548,548,831,831
607,607,839,839
2307,2307,1221,1221
1436,1436,172,172
1924,1924,99,99
1438,1438,161,161
2015,2015,117,117
486,486,893,893
2399,2399,72,72
1498,1498,148,148
2592,2592,1158,1158
2329,2329,1194,1194
2335,2335,115,115
2597,2597,1151,1151
1893,1893,134,134
2312,2312,1215,1215
849,849,295,295
486,486,884,884
1229,1229,249,249
