585,  3262,  154,  1371
0,  2863,  1372,  1552
3263,  3652,  154,  1193
0,  584,  950,  1371
0,  584,  148,  365
0,  584,  566,  759
2521,  2811,  0,  153
1649,  1877,  0,  153
777,  1005,  0,  153
0,  133,  417,  565
0,  133,  0,  147
0,  133,  813,  949
2864,  3066,  1372,  1460
3263,  3462,  1194,  1280
1314,  1424,  69,  153
1175,  1284,  69,  153
2047,  2156,  69,  153
1035,  1144,  69,  153
2326,  2435,  69,  153
1454,  1563,  69,  153
2187,  2296,  69,  153
585,  691,  69,  153
1908,  2017,  69,  153
442,  551,  69,  147
303,  412,  69,  147
163,  272,  871,  949
303,  412,  871,  949
163,  272,  69,  147
442,  550,  871,  949
163,  272,  488,  565
442,  551,  488,  565
302,  412,  490,  565
176,  293,  417,  468
316,  433,  417,  468
455,  582,  0,  46
1327,  1454,  0,  46
176,  303,  0,  46
1048,  1175,  0,  46
316,  442,  0,  46
595,  721,  0,  46
2060,  2186,  0,  46
1467,  1593,  0,  46
2339,  2465,  0,  46
1188,  1314,  0,  46
2200,  2326,  0,  46
1921,  2047,  0,  46
455,  551,  417,  468
721,  776,  69,  153
316,  433,  813,  852
176,  293,  813,  852
1593,  1648,  70,  153
2864,  2967,  1461,  1505
2465,  2520,  70,  153
3263,  3361,  1281,  1326
3067,  3169,  1372,  1413
3463,  3557,  1194,  1237
459,  550,  813,  853
562,  584,  417,  565
560,  584,  813,  949
3653,  3687,  1103,  1177
3653,  3687,  154,  218
734,  776,  0,  49
0,  91,  1553,  1575
2479,  2520,  0,  49
1607,  1648,  0,  49
701,  789,  1553,  1575
1399,  1487,  1553,  1575
2097,  2184,  1553,  1575
2381,  2450,  47,  68
2102,  2171,  47,  68
358,  427,  47,  68
1509,  1578,  47,  68
1230,  1299,  47,  68
637,  706,  47,  68
218,  287,  47,  68
498,  566,  47,  68
1963,  2031,  47,  68
1370,  1438,  47,  68
1091,  1159,  47,  68
2242,  2310,  47,  68
358,  426,  469,  489
134,  163,  417,  464
1878,  1907,  0,  46
134,  163,  0,  46
1006,  1035,  0,  46
219,  287,  469,  487
358,  427,  853,  870
218,  287,  853,  870
2864,  2914,  1506,  1529
3067,  3121,  1414,  1435
3362,  3416,  1281,  1301
2968,  3013,  1461,  1484
3263,  3310,  1327,  1349
134,  163,  813,  848
3558,  3603,  1194,  1216
498,  551,  469,  487
3463,  3513,  1238,  1257
3170,  3218,  1372,  1391
498,  550,  854,  870
2795,  2826,  1553,  1569
294,  303,  417,  464
1878,  1887,  47,  93
575,  584,  100,  147
1006,  1016,  47,  88
134,  143,  465,  510
134,  143,  849,  894
134,  142,  47,  97
434,  442,  417,  464
1898,  1907,  113,  153
2178,  2186,  109,  153
1166,  1174,  110,  153
1445,  1453,  111,  153
2317,  2325,  111,  153
2038,  2046,  111,  153
1026,  1034,  113,  153
712,  720,  113,  153
1305,  1313,  113,  153
1584,  1592,  113,  153
294,  303,  813,  848
2457,  2464,  109,  153
295,  302,  907,  949
3362,  3387,  1302,  1314
294,  302,  110,  147
3067,  3094,  1436,  1447
434,  441,  107,  147
155,  162,  107,  147
155,  162,  909,  949
434,  442,  813,  848
154,  162,  530,  565
434,  441,  526,  565
434,  441,  910,  949
3014,  3037,  1461,  1473
2915,  2945,  1506,  1515
294,  301,  528,  565
552,  561,  536,  565
1145,  1151,  69,  110
3311,  3339,  1327,  1336
3463,  3491,  1258,  1267
2864,  2892,  1530,  1539
552,  559,  69,  104
273,  280,  871,  906
3604,  3627,  1194,  1205
2436,  2443,  69,  104
273,  280,  488,  523
2157,  2164,  69,  103
273,  280,  69,  104
1285,  1292,  69,  103
1564,  1570,  69,  108
692,  698,  69,  107
413,  419,  69,  107
413,  419,  871,  909
3170,  3196,  1392,  1401
2297,  2303,  69,  106
3263,  3284,  1350,  1361
3122,  3143,  1414,  1425
2018,  2025,  69,  101
1425,  1431,  69,  105
413,  419,  490,  525
3558,  3579,  1217,  1227
3417,  3438,  1281,  1291
2968,  2989,  1485,  1495
551,  559,  925,  949
3514,  3535,  1238,  1247
3219,  3242,  1372,  1380
1058,  1090,  47,  52
465,  497,  47,  52
1342,  1369,  47,  53
1935,  1962,  47,  53
609,  636,  47,  53
1202,  1229,  47,  53
330,  357,  47,  53
186,  217,  47,  52
2214,  2241,  47,  53
304,  335,  484,  489
1477,  1508,  47,  52
2070,  2101,  47,  52
2349,  2380,  47,  52
455,  458,  813,  852
582,  584,  760,  812
1594,  1624,  65,  69
2827,  2848,  1553,  1559
3653,  3671,  1178,  1185
443,  470,  483,  487
2467,  2491,  64,  69
1006,  1010,  89,  117
164,  191,  483,  487
443,  468,  64,  68
143,  148,  47,  68
164,  189,  64,  68
1036,  1061,  64,  68
722,  747,  64,  68
1145,  1165,  148,  153
2327,  2352,  64,  68
2157,  2177,  148,  153
2436,  2456,  148,  153
2048,  2072,  64,  68
1455,  1479,  64,  68
304,  328,  64,  68
583,  607,  64,  68
2188,  2212,  64,  68
134,  138,  511,  535
1176,  1200,  64,  68
1908,  1938,  65,  68
1316,  1340,  64,  68
134,  138,  895,  918
1425,  1444,  148,  153
164,  187,  866,  870
443,  466,  866,  870
580,  584,  76,  99
753,  776,  50,  54
1878,  1882,  94,  117
1878,  1897,  148,  153
692,  711,  148,  153
2297,  2316,  148,  153
1564,  1583,  148,  153
2018,  2037,  148,  153
1903,  1907,  89,  112
1006,  1025,  148,  153
1888,  1892,  47,  69
570,  574,  125,  147
2498,  2520,  50,  54
304,  326,  866,  870
1285,  1304,  148,  153
1630,  1648,  50,  55
336,  357,  469,  473
144,  148,  465,  486
144,  148,  849,  870
197,  218,  469,  473
2795,  2812,  1570,  1575
476,  497,  469,  473
717,  720,  88,  112
198,  217,  853,  857
2915,  2929,  1516,  1522
1030,  1034,  93,  112
333,  357,  853,  856
1449,  1453,  91,  110
299,  302,  85,  109
2043,  2046,  87,  110
1310,  1313,  89,  112
1589,  1592,  89,  112
2182,  2186,  89,  108
134,  137,  98,  121
2321,  2325,  92,  110
1171,  1174,  86,  109
159,  162,  506,  529
291,  294,  927,  949
3463,  3475,  1268,  1274
2864,  2876,  1540,  1546
3038,  3055,  1461,  1465
3311,  3323,  1337,  1343
3388,  3405,  1302,  1306
1017,  1020,  47,  68
3067,  3079,  1448,  1454
1152,  1155,  69,  90
151,  154,  126,  147
430,  433,  929,  949
430,  433,  545,  565
1571,  1575,  69,  84
151,  154,  929,  949
477,  497,  854,  857
3095,  3110,  1436,  1440
273,  276,  907,  926
2174,  2177,  128,  147
430,  433,  127,  147
438,  441,  890,  909
420,  423,  871,  890
699,  702,  69,  88
3362,  3374,  1315,  1320
552,  555,  105,  124
2157,  2160,  104,  123
3144,  3156,  1414,  1419
3170,  3182,  1402,  1407
3628,  3640,  1194,  1199
3285,  3297,  1350,  1355
438,  441,  88,  106
2304,  2307,  69,  87
2453,  2456,  129,  147
298,  301,  509,  527
420,  423,  69,  87
159,  162,  88,  106
299,  302,  888,  906
273,  276,  105,  123
2461,  2464,  90,  108
438,  441,  507,  525
2018,  2021,  102,  120
1285,  1288,  104,  122
290,  293,  129,  147
2436,  2439,  105,  123
273,  276,  524,  542
1162,  1165,  130,  147
160,  162,  885,  908
1432,  1435,  69,  86
1441,  1444,  130,  147
2034,  2037,  130,  147
290,  293,  548,  565
281,  284,  69,  85
2313,  2316,  131,  147
281,  284,  871,  887
560,  563,  69,  85
3604,  3614,  1206,  1211
3580,  3590,  1217,  1222
420,  423,  490,  506
3219,  3229,  1381,  1386
1022,  1025,  132,  147
3439,  3449,  1281,  1286
708,  711,  132,  147
150,  153,  550,  565
3014,  3026,  1474,  1478
2990,  3000,  1485,  1490
281,  284,  488,  503
1301,  1304,  132,  147
2165,  2168,  69,  84
2444,  2446,  69,  89
413,  415,  526,  545
1425,  1428,  106,  120
1895,  1897,  128,  147
1580,  1583,  133,  147
1293,  1296,  69,  83
1076,  1090,  53,  56
413,  415,  108,  126
413,  416,  910,  924
692,  695,  108,  122
479,  497,  53,  55
1564,  1566,  109,  127
2297,  2299,  107,  125
1145,  1147,  111,  129
1495,  1508,  53,  56
204,  217,  53,  56
2367,  2380,  53,  56
2893,  2903,  1530,  1534
2088,  2101,  53,  56
3340,  3350,  1327,  1331
3122,  3132,  1426,  1430
3417,  3427,  1292,  1296
2968,  2978,  1496,  1500
2946,  2956,  1506,  1510
3263,  3273,  1362,  1366
3536,  3546,  1238,  1242
3514,  3524,  1248,  1252
3492,  3502,  1258,  1262
2827,  2837,  1560,  1564
2026,  2028,  69,  86
2201,  2213,  47,  50
3197,  3207,  1392,  1396
1329,  1341,  47,  50
3558,  3568,  1228,  1232
304,  320,  481,  483
596,  608,  47,  50
317,  329,  47,  50
1922,  1934,  47,  50
1909,  1923,  62,  64
1189,  1201,  47,  50
336,  351,  487,  489
1595,  1609,  62,  64
2492,  2507,  67,  69
3243,  3251,  1372,  1376
1355,  1369,  54,  56
2228,  2241,  54,  56
1949,  1962,  54,  56
627,  636,  54,  57
1011,  1013,  89,  102
143,  145,  69,  82
1216,  1229,  54,  56
344,  357,  54,  56
2032,  2037,  47,  52
1468,  1476,  47,  50
3653,  3662,  1186,  1189
3038,  3046,  1466,  1469
2340,  2348,  47,  50
1617,  1629,  50,  52
456,  464,  47,  50
3672,  3680,  1178,  1181
2172,  2177,  47,  52
177,  185,  47,  50
1579,  1584,  47,  52
2061,  2069,  47,  50
1160,  1165,  47,  52
2451,  2456,  47,  52
3388,  3396,  1307,  1310
149,  153,  465,  471
567,  572,  47,  52
327,  337,  868,  870
288,  292,  47,  53
165,  175,  480,  482
2311,  2316,  47,  52
2073,  2083,  66,  68
1439,  1444,  47,  52
608,  618,  66,  68
444,  454,  480,  482
347,  357,  857,  859
1480,  1490,  66,  68
329,  339,  66,  68
1050,  1057,  47,  50
748,  757,  66,  68
1201,  1211,  66,  68
469,  478,  66,  68
2213,  2228,  67,  68
1021,  1025,  47,  52
1625,  1640,  68,  69
188,  202,  869,  870
134,  135,  919,  933
139,  140,  895,  909
767,  776,  55,  57
572,  574,  115,  124
2467,  2476,  61,  63
304,  313,  61,  63
715,  716,  98,  112
139,  140,  511,  525
471,  485,  486,  487
1341,  1350,  66,  68
192,  201,  485,  487
1316,  1330,  62,  63
707,  711,  47,  52
1455,  1469,  62,  63
149,  153,  849,  854
467,  476,  868,  870
2353,  2362,  66,  68
428,  432,  47,  52
1883,  1884,  94,  108
190,  199,  66,  68
1307,  1309,  103,  112
1878,  1880,  118,  127
583,  597,  62,  63
297,  298,  95,  109
2511,  2520,  55,  57
1176,  1190,  62,  63
144,  145,  487,  501
1062,  1076,  67,  68
2041,  2042,  96,  110
2188,  2202,  62,  63
1888,  1890,  70,  79
1032,  1034,  83,  92
1905,  1907,  79,  88
2323,  2325,  82,  91
1300,  1304,  47,  52
144,  146,  871,  880
149,  153,  47,  52
2930,  2936,  1516,  1519
138,  139,  98,  111
158,  159,  895,  908
1893,  1896,  47,  53
157,  158,  516,  529
1587,  1588,  99,  112
427,  428,  469,  482
1037,  1050,  62,  63
444,  457,  62,  63
165,  178,  62,  63
578,  579,  86,  99
1571,  1572,  85,  98
2328,  2341,  62,  63
1006,  1007,  118,  131
2185,  2186,  75,  88
568,  569,  134,  147
2049,  2062,  62,  63
2484,  2497,  50,  51
134,  135,  536,  549
289,  290,  936,  949
2877,  2883,  1540,  1543
1169,  1170,  96,  109
723,  736,  62,  63
1452,  1453,  77,  90
3324,  3330,  1337,  1340
489,  497,  474,  476
3095,  3101,  1441,  1444
189,  197,  853,  855
3476,  3482,  1268,  1271
1901,  1902,  99,  112
3080,  3088,  1448,  1450
467,  475,  469,  471
210,  218,  474,  476
304,  316,  864,  865
1156,  1157,  69,  81
345,  357,  474,  475
188,  196,  469,  471
165,  176,  864,  865
2915,  2922,  1523,  1525
149,  150,  938,  949
323,  335,  469,  470
740,  752,  50,  51
486,  497,  858,  859
428,  429,  136,  147
444,  455,  864,  865
149,  150,  136,  147
2849,  2854,  1553,  1556
288,  289,  469,  479
207,  217,  858,  859
428,  429,  939,  949
288,  289,  853,  863
2447,  2448,  69,  79
428,  429,  555,  565
3311,  3317,  1344,  1346
2300,  2301,  107,  116
1893,  1894,  137,  147
488,  497,  56,  57
3628,  3634,  1200,  1202
2864,  2870,  1547,  1549
3463,  3469,  1275,  1277
2813,  2819,  1570,  1572
582,  584,  69,  75
3183,  3187,  1402,  1405
432,  433,  919,  928
3641,  3647,  1194,  1196
3170,  3176,  1408,  1410
281,  282,  504,  513
297,  298,  897,  906
273,  274,  543,  552
300,  301,  499,  508
2455,  2456,  119,  128
2018,  2019,  121,  130
273,  274,  124,  133
424,  425,  69,  78
1447,  1448,  101,  110
1939,  1948,  67,  68
153,  154,  919,  928
1017,  1018,  69,  78
157,  158,  97,  106
1312,  1313,  79,  88
703,  704,  69,  78
1591,  1592,  79,  88
281,  282,  888,  897
301,  302,  878,  887
2463,  2464,  80,  89
432,  433,  117,  126
2436,  2437,  124,  133
1285,  1286,  123,  132
1028,  1029,  103,  112
552,  553,  125,  134
710,  711,  122,  131
1173,  1174,  76,  85
440,  441,  78,  87
2161,  2162,  104,  113
556,  557,  105,  114
1293,  1294,  84,  93
2045,  2046,  77,  86
440,  441,  497,  506
2311,  2312,  53,  62
420,  421,  88,  97
277,  278,  105,  114
2032,  2033,  53,  62
1439,  1440,  53,  62
2176,  2177,  118,  127
152,  153,  540,  549
2165,  2166,  85,  94
292,  293,  538,  547
420,  421,  507,  516
560,  561,  86,  95
416,  417,  526,  535
1152,  1153,  91,  100
2172,  2173,  138,  147
2451,  2452,  138,  147
1639,  1648,  56,  57
2315,  2316,  121,  130
436,  437,  516,  525
1443,  1444,  120,  129
161,  162,  78,  87
292,  293,  119,  128
1024,  1025,  122,  131
436,  437,  900,  909
424,  425,  871,  880
2180,  2181,  99,  108
1164,  1165,  120,  129
1582,  1583,  123,  132
277,  278,  907,  916
195,  203,  53,  54
3157,  3162,  1414,  1416
2079,  2087,  53,  54
2036,  2037,  121,  129
134,  135,  122,  130
1160,  1161,  139,  147
296,  297,  519,  527
2022,  2023,  102,  110
416,  417,  108,  116
1486,  1494,  53,  54
432,  433,  536,  544
3067,  3072,  1455,  1457
440,  441,  881,  889
293,  294,  917,  926
2440,  2441,  105,  113
618,  626,  54,  55
273,  274,  927,  935
288,  289,  557,  565
3450,  3458,  1281,  1282
3230,  3235,  1381,  1383
281,  282,  86,  94
1567,  1568,  109,  117
3144,  3149,  1420,  1422
1148,  1149,  111,  119
3014,  3022,  1479,  1480
567,  568,  53,  61
1425,  1426,  121,  129
1289,  1290,  104,  112
468,  476,  854,  855
3285,  3290,  1356,  1358
413,  414,  925,  933
3298,  3306,  1350,  1351
153,  154,  117,  125
1067,  1075,  53,  54
692,  693,  123,  131
2157,  2158,  124,  132
288,  289,  139,  147
3375,  3380,  1315,  1317
719,  720,  79,  87
2459,  2460,  100,  108
3001,  3006,  1485,  1487
1160,  1161,  53,  61
2358,  2366,  53,  54
2304,  2305,  88,  96
428,  429,  853,  861
1303,  1304,  123,  131
3362,  3367,  1321,  1323
420,  421,  891,  899
3591,  3596,  1217,  1219
436,  437,  98,  106
2451,  2452,  53,  60
2308,  2309,  69,  77
3615,  3620,  1206,  1208
161,  162,  497,  505
324,  332,  853,  854
2319,  2320,  102,  110
699,  700,  89,  97
301,  302,  76,  84
1432,  1433,  87,  95
277,  279,  524,  528
1300,  1301,  53,  59
288,  289,  54,  61
2032,  2033,  140,  147
1439,  1440,  140,  147
2172,  2173,  53,  60
2311,  2312,  140,  147
285,  286,  69,  75
2029,  2030,  69,  76
1579,  1580,  53,  59
424,  425,  490,  496
1436,  1436,  69,  81
285,  286,  488,  494
707,  708,  53,  59
2904,  2907,  1530,  1532
352,  357,  488,  489
564,  565,  69,  75
3027,  3033,  1474,  1475
3604,  3607,  1212,  1214
1021,  1022,  53,  59
2508,  2520,  69,  69
3514,  3517,  1253,  1255
1364,  1369,  57,  58
285,  286,  871,  877
1576,  1577,  69,  74
3492,  3495,  1263,  1265
1577,  1579,  144,  147
428,  429,  53,  58
705,  707,  144,  147
1019,  1021,  144,  147
2169,  2170,  69,  74
3547,  3550,  1238,  1240
3208,  3211,  1392,  1394
3351,  3354,  1327,  1329
3569,  3572,  1228,  1230
3439,  3444,  1287,  1288
2946,  2949,  1511,  1513
1297,  1300,  145,  147
3133,  3138,  1426,  1427
3111,  3114,  1436,  1438
149,  150,  472,  477
2979,  2982,  1496,  1498
149,  150,  855,  860
1957,  1962,  57,  58
3428,  3431,  1292,  1294
2990,  2995,  1491,  1492
3252,  3257,  1372,  1373
3263,  3266,  1367,  1369
1297,  1298,  69,  74
3056,  3061,  1461,  1462
2968,  2971,  1501,  1503
148,  149,  560,  565
3653,  3656,  1190,  1192
3558,  3563,  1233,  1234
3219,  3224,  1387,  1388
3503,  3506,  1258,  1260
3580,  3585,  1223,  1224
3197,  3200,  1397,  1399
2838,  2841,  1560,  1562
3122,  3127,  1431,  1432
3417,  3420,  1297,  1299
1893,  1894,  54,  59
3536,  3541,  1243,  1244
3274,  3279,  1362,  1363
3525,  3528,  1248,  1250
3340,  3343,  1332,  1334
2893,  2898,  1535,  1536
3406,  3411,  1302,  1303
2827,  2832,  1565,  1566
149,  150,  53,  58
2957,  2962,  1506,  1507
429,  431,  469,  472
1351,  1361,  68,  68
1081,  1090,  57,  57
2039,  2040,  106,  110
762,  766,  55,  56
1062,  1066,  65,  66
336,  346,  486,  486
1625,  1629,  66,  67
758,  768,  68,  68
305,  309,  479,  480
1011,  1012,  103,  107
2477,  2481,  62,  63
1896,  1897,  123,  127
477,  487,  870,  870
714,  714,  103,  112
2213,  2222,  66,  66
1564,  1565,  128,  132
340,  344,  67,  68
471,  475,  484,  485
136,  137,  919,  923
2444,  2445,  90,  94
619,  623,  67,  68
296,  296,  100,  109
321,  325,  482,  483
162,  162,  875,  884
573,  574,  110,  114
1212,  1216,  67,  68
314,  323,  63,  63
2492,  2501,  66,  66
479,  488,  68,  68
202,  206,  486,  487
1225,  1229,  57,  58
413,  414,  546,  550
2026,  2027,  87,  91
2084,  2093,  68,  68
338,  342,  869,  870
1211,  1215,  54,  55
2223,  2227,  54,  55
455,  459,  481,  482
474,  478,  53,  54
342,  346,  857,  858
1145,  1146,  130,  134
413,  414,  127,  131
3663,  3667,  1186,  1187
1429,  1430,  106,  110
1885,  1886,  94,  98
176,  185,  482,  482
417,  418,  910,  914
348,  357,  57,  57
339,  343,  54,  55
287,  288,  945,  949
1878,  1879,  128,  132
696,  696,  108,  117
1906,  1907,  74,  78
2297,  2297,  126,  135
1504,  1508,  57,  58
1610,  1614,  63,  64
1899,  1900,  108,  112
1924,  1933,  64,  64
141,  142,  511,  515
1491,  1500,  68,  68
141,  142,  895,  899
566,  567,  143,  147
213,  217,  57,  58
143,  143,  83,  92
200,  209,  68,  68
2232,  2241,  57,  57
146,  147,  487,  491
1944,  1948,  54,  55
2376,  2380,  57,  58
2363,  2367,  67,  68
1612,  1616,  50,  51
1897,  1898,  47,  51
188,  192,  867,  868
2097,  2101,  57,  58
1167,  1168,  105,  109
1308,  1309,  98,  102
2493,  2497,  52,  53
723,  731,  61,  61
2855,  2859,  1553,  1554
157,  157,  900,  908
1456,  1464,  61,  61
180,  188,  853,  853
1145,  1147,  145,  147
140,  140,  98,  106
2184,  2184,  80,  88
136,  136,  536,  544
2328,  2336,  61,  61
1595,  1603,  61,  61
156,  156,  521,  529
144,  144,  881,  889
458,  466,  469,  469
1034,  1034,  74,  82
1926,  1934,  51,  51
277,  277,  529,  537
179,  187,  469,  469
165,  173,  61,  61
444,  452,  61,  61
1008,  1008,  118,  126
1037,  1045,  61,  61
552,  554,  145,  147
577,  577,  91,  99
2049,  2057,  61,  61
321,  329,  51,  51
1451,  1451,  82,  90
1888,  1888,  80,  88
2188,  2196,  61,  61
201,  209,  474,  474
2205,  2213,  51,  51
146,  148,  145,  147
2325,  2325,  73,  81
1014,  1014,  89,  97
146,  146,  69,  77
1573,  1573,  85,  93
1316,  1324,  61,  61
2168,  2171,  146,  147
1621,  1629,  53,  53
1177,  1185,  61,  61
584,  592,  61,  61
480,  488,  474,  474
1909,  1912,  60,  61
2502,  2510,  55,  55
1347,  1354,  54,  54
1333,  1341,  51,  51
290,  292,  853,  855
3188,  3191,  1402,  1403
749,  752,  52,  53
1586,  1586,  104,  112
1158,  1158,  69,  76
2915,  2918,  1526,  1527
1437,  1437,  69,  76
290,  292,  469,  471
2436,  2437,  144,  147
2157,  2158,  144,  147
3397,  3400,  1307,  1308
426,  427,  144,  147
605,  608,  51,  52
273,  274,  144,  147
3080,  3083,  1451,  1452
3331,  3334,  1337,  1338
2937,  2940,  1516,  1517
3681,  3684,  1178,  1179
3450,  3453,  1283,  1284
494,  497,  860,  861
354,  357,  476,  477
3102,  3105,  1441,  1442
1641,  1648,  69,  69
332,  335,  471,  472
2884,  2887,  1540,  1541
3047,  3050,  1466,  1467
1194,  1201,  51,  51
1300,  1300,  137,  144
2449,  2449,  69,  75
211,  217,  860,  860
3243,  3246,  1377,  1378
147,  148,  946,  949
1889,  1892,  146,  147
3483,  3486,  1268,  1269
426,  427,  946,  949
351,  357,  860,  860
3038,  3041,  1470,  1471
3672,  3678,  1182,  1182
3388,  3394,  1311,  1311
707,  707,  137,  143
444,  450,  863,  863
1425,  1426,  145,  147
165,  171,  863,  863
430,  431,  853,  856
1021,  1021,  137,  143
3298,  3299,  1352,  1354
496,  497,  485,  487
425,  427,  564,  565
293,  293,  47,  52
305,  311,  863,  863
1201,  1206,  65,  65
273,  274,  563,  565
3014,  3017,  1481,  1482
217,  218,  477,  479
216,  218,  486,  487
456,  461,  865,  865
355,  357,  58,  59
134,  135,  145,  147
1878,  1879,  145,  147
458,  463,  63,  63
1327,  1328,  47,  49
3163,  3165,  1414,  1415
2018,  2019,  145,  147
2449,  2450,  145,  147
1006,  1008,  146,  147
134,  135,  947,  949
1949,  1954,  68,  68
2309,  2310,  145,  147
413,  415,  146,  147
1285,  1286,  145,  147
1051,  1056,  63,  63
774,  776,  58,  59
737,  742,  63,  63
1077,  1082,  68,  68
2518,  2520,  58,  59
310,  315,  480,  480
1437,  1438,  145,  147
492,  497,  58,  58
2073,  2078,  65,  65
2813,  2815,  1573,  1574
1089,  1090,  58,  60
285,  287,  564,  565
413,  414,  563,  565
2029,  2031,  146,  147
2923,  2925,  1523,  1524
177,  182,  865,  865
413,  414,  947,  949
273,  273,  944,  949
286,  287,  145,  147
1643,  1648,  58,  58
165,  170,  479,  479
3381,  3383,  1315,  1316
692,  694,  146,  147
1480,  1485,  65,  65
444,  449,  479,  479
1145,  1145,  135,  139
2240,  2241,  58,  60
1048,  1049,  47,  49
1157,  1159,  146,  147
1579,  1579,  138,  143
154,  154,  465,  469
3621,  3623,  1206,  1207
2877,  2881,  1544,  1544
2297,  2298,  145,  147
1564,  1564,  133,  137
1499,  1503,  57,  57
497,  497,  64,  68
1564,  1565,  145,  147
1160,  1160,  62,  66
1220,  1224,  57,  57
141,  141,  900,  904
427,  427,  483,  487
1031,  1031,  88,  92
441,  441,  876,  880
564,  564,  76,  80
159,  159,  890,  894
144,  144,  502,  506
2163,  2163,  104,  108
1446,  1446,  106,  110
2314,  2314,  126,  130
179,  183,  63,  63
1583,  1583,  118,  122
329,  333,  65,  65
2029,  2029,  77,  81
2464,  2464,  75,  79
2452,  2452,  133,  137
289,  289,  552,  556
3291,  3295,  1356,  1356
416,  416,  536,  540
1448,  1448,  96,  100
428,  428,  862,  866
2181,  2181,  94,  98
1163,  1163,  125,  129
554,  554,  125,  129
2460,  2460,  95,  99
439,  439,  502,  506
3368,  3372,  1321,  1321
1939,  1943,  66,  66
1027,  1027,  108,  112
299,  299,  504,  508
1432,  1432,  96,  100
275,  275,  927,  931
1588,  1588,  94,  98
273,  273,  936,  940
558,  558,  105,  109
2157,  2157,  133,  137
1441,  1441,  53,  57
1300,  1300,  60,  64
283,  283,  86,  90
176,  180,  481,  481
3150,  3154,  1420,  1420
429,  429,  934,  938
1293,  1293,  94,  98
1567,  1567,  118,  122
301,  301,  494,  498
574,  574,  105,  109
1165,  1165,  115,  119
417,  417,  915,  919
292,  292,  922,  926
1897,  1897,  118,  122
1571,  1571,  99,  103
193,  197,  868,  868
1491,  1495,  67,  67
1331,  1335,  63,  63
192,  196,  484,  484
1442,  1442,  125,  129
336,  340,  485,  485
460,  464,  482,  482
1630,  1634,  67,  67
1434,  1434,  87,  91
2179,  2179,  104,  108
1878,  1878,  133,  137
1306,  1306,  108,  112
277,  277,  115,  119
413,  413,  934,  938
1148,  1148,  120,  124
295,  295,  523,  527
624,  628,  68,  68
277,  277,  917,  921
192,  196,  472,  472
703,  703,  79,  83
699,  699,  98,  102
2302,  2302,  107,  111
1019,  1019,  69,  73
2026,  2026,  92,  96
1025,  1025,  117,  121
288,  288,  480,  484
203,  207,  870,  870
1427,  1427,  121,  125
556,  556,  115,  119
134,  134,  934,  938
279,  279,  907,  911
477,  481,  869,  869
435,  435,  905,  909
431,  431,  122,  126
422,  422,  891,  895
345,  349,  68,  68
569,  569,  129,  133
1902,  1902,  94,  98
2063,  2067,  63,  63
1017,  1017,  79,  83
291,  291,  543,  547
295,  295,  105,  109
1023,  1023,  127,  131
279,  279,  105,  109
1302,  1302,  127,  131
153,  153,  535,  539
431,  431,  924,  928
146,  146,  492,  496
2022,  2022,  111,  115
2320,  2320,  97,  101
317,  321,  865,  865
303,  303,  485,  489
2440,  2440,  114,  118
1217,  1221,  68,  68
154,  154,  914,  918
2462,  2462,  85,  89
2173,  2173,  133,  137
2169,  2169,  75,  79
207,  211,  487,  487
418,  418,  526,  530
1067,  1071,  66,  66
156,  156,  102,  106
2456,  2456,  114,  118
149,  149,  555,  559
420,  420,  900,  904
1581,  1581,  128,  132
288,  288,  864,  868
424,  424,  79,  83
149,  149,  861,  865
141,  141,  516,  520
1287,  1287,  123,  127
2033,  2033,  135,  139
298,  298,  90,  94
160,  160,  501,  505
293,  293,  114,  118
1590,  1590,  84,  88
134,  134,  550,  554
1029,  1029,  98,  102
579,  579,  81,  85
281,  281,  898,  902
273,  273,  134,  138
701,  701,  89,  93
435,  435,  521,  525
1569,  1569,  109,  113
162,  162,  492,  496
136,  136,  924,  928
562,  562,  86,  90
138,  138,  112,  116
291,  291,  124,  128
285,  285,  76,  80
428,  428,  59,  63
2444,  2444,  95,  99
1883,  1883,  109,  113
2442,  2442,  105,  109
632,  636,  58,  58
424,  424,  497,  501
497,  497,  477,  481
136,  136,  122,  126
1429,  1429,  111,  115
289,  289,  134,  138
2368,  2372,  68,  68
2342,  2346,  63,  63
294,  294,  912,  916
161,  161,  880,  884
709,  709,  127,  131
716,  716,  93,  97
158,  158,  92,  96
692,  692,  132,  136
2308,  2308,  78,  82
3641,  3645,  1197,  1197
296,  296,  902,  906
567,  567,  62,  66
441,  441,  492,  496
3608,  3612,  1212,  1212
1579,  1579,  60,  64
712,  712,  47,  51
437,  437,  895,  899
707,  707,  60,  64
713,  713,  108,  112
1154,  1154,  91,  95
1470,  1474,  63,  63
429,  429,  473,  477
2167,  2167,  85,  89
2084,  2088,  67,  67
437,  437,  93,  97
2492,  2496,  65,  65
1311,  1311,  84,  88
1615,  1619,  64,  64
433,  433,  47,  51
297,  297,  514,  518
2436,  2436,  134,  138
608,  612,  65,  65
2304,  2304,  97,  101
290,  290,  931,  935
160,  160,  83,  87
2018,  2018,  131,  135
426,  426,  69,  73
302,  302,  873,  877
1341,  1345,  65,  65
469,  473,  65,  65
2046,  2046,  72,  76
147,  147,  871,  875
2447,  2447,  80,  84
2213,  2217,  65,  65
426,  426,  871,  875
720,  720,  74,  78
1351,  1355,  67,  67
1893,  1893,  60,  64
134,  134,  131,  135
1295,  1295,  84,  88
1440,  1440,  135,  139
2316,  2316,  116,  120
2020,  2020,  121,  125
2353,  2357,  65,  65
283,  283,  888,  892
748,  752,  65,  65
2034,  2034,  53,  57
1904,  1904,  84,  88
1170,  1170,  91,  95
2458,  2458,  104,  108
429,  429,  550,  554
343,  347,  870,  870
416,  416,  117,  121
422,  422,  507,  511
200,  204,  67,  67
433,  433,  112,  116
144,  144,  83,  87
1453,  1453,  72,  76
2032,  2032,  63,  67
2172,  2172,  61,  65
1191,  1195,  63,  63
2040,  2040,  101,  105
1924,  1928,  63,  63
149,  149,  59,  63
314,  318,  62,  62
281,  281,  95,  99
3476,  3480,  1272,  1272
418,  418,  108,  112
1026,  1026,  47,  51
1425,  1425,  130,  134
1304,  1304,  118,  122
697,  697,  108,  112
1152,  1152,  101,  105
2508,  2512,  68,  68
139,  139,  526,  530
705,  705,  69,  73
190,  194,  65,  65
467,  471,  867,  867
2175,  2175,  123,  127
327,  331,  867,  867
293,  293,  533,  537
150,  150,  131,  135
2313,  2313,  53,  57
158,  158,  511,  515
1305,  1305,  47,  51
1913,  1917,  61,  61
1011,  1011,  108,  112
2482,  2486,  63,  63
283,  283,  504,  508
275,  275,  543,  547
486,  490,  487,  487
285,  285,  495,  499
2037,  2037,  116,  120
285,  285,  878,  882
1881,  1881,  118,  122
2930,  2934,  1520,  1520
1006,  1006,  132,  136
1576,  1576,  75,  79
424,  424,  881,  885
2438,  2438,  124,  128
476,  480,  485,  485
273,  273,  553,  557
2322,  2322,  87,  91
2298,  2298,  126,  130
281,  281,  514,  518
571,  571,  120,  124
479,  483,  67,  67
420,  420,  98,  102
2311,  2311,  63,  67
1885,  1885,  99,  103
154,  154,  112,  116
2186,  2186,  70,  74
2451,  2451,  61,  65
2454,  2454,  124,  128
413,  413,  132,  136
2044,  2044,  82,  86
581,  581,  71,  75
2229,  2233,  68,  68
560,  560,  96,  100
275,  275,  124,  128
433,  433,  531,  535
3324,  3328,  1341,  1341
300,  300,  883,  887
152,  152,  924,  928
3597,  3601,  1217,  1217
302,  302,  71,  75
2203,  2207,  63,  63
758,  762,  67,  67
162,  162,  73,  77
151,  151,  545,  549
431,  431,  541,  544
1172,  1172,  81,  85
3073,  3077,  1455,  1455
1313,  1313,  74,  78
326,  330,  483,  483
2161,  2161,  114,  118
598,  602,  63,  63
439,  439,  886,  889
439,  439,  83,  87
3095,  3099,  1445,  1445
483,  487,  56,  56
422,  422,  88,  92
2219,  2222,  54,  54
3318,  3321,  1344,  1344
1087,  1090,  68,  68
274,  275,  948,  949
1289,  1289,  113,  117
1891,  1891,  70,  74
2466,  2466,  66,  69
1635,  1638,  56,  56
3388,  3391,  1312,  1312
1085,  1088,  58,  58
3344,  3345,  1332,  1333
3236,  3240,  1381,  1381
3591,  3594,  1220,  1220
3007,  3011,  1485,  1485
328,  331,  471,  471
2031,  2031,  69,  72
191,  194,  53,  53
2820,  2821,  1570,  1571
1015,  1015,  89,  92
1309,  1309,  94,  97
2159,  2159,  124,  127
3089,  3090,  1448,  1449
3212,  3213,  1392,  1393
185,  188,  854,  854
758,  761,  55,  55
356,  357,  67,  68
3432,  3435,  1292,  1292
294,  295,  849,  850
134,  137,  565,  565
1145,  1145,  141,  144
461,  464,  51,  51
326,  329,  52,  52
3170,  3171,  1411,  1412
1595,  1598,  60,  60
497,  497,  867,  870
441,  441,  74,  77
2438,  2439,  146,  147
209,  212,  57,  57
1491,  1494,  55,  55
2317,  2317,  47,  50
413,  413,  551,  554
1608,  1611,  50,  50
294,  295,  465,  466
2066,  2069,  51,  51
2983,  2984,  1496,  1497
745,  748,  52,  52
290,  290,  472,  475
1072,  1075,  55,  55
2324,  2324,  78,  81
3507,  3508,  1258,  1259
2042,  2042,  92,  95
1444,  1444,  116,  119
3551,  3554,  1238,  1238
2310,  2310,  69,  72
3536,  3539,  1245,  1245
1015,  1018,  147,  147
3067,  3070,  1458,  1458
1369,  1369,  59,  62
3267,  3268,  1367,  1368
723,  726,  60,  60
3470,  3471,  1275,  1276
435,  435,  103,  106
150,  150,  934,  937
3133,  3134,  1428,  1429
2084,  2087,  55,  55
275,  276,  146,  147
2507,  2510,  56,  56
2990,  2991,  1493,  1494
200,  203,  55,  55
329,  332,  855,  855
3230,  3233,  1384,  1384
2864,  2867,  1550,  1550
1177,  1180,  60,  60
1338,  1341,  52,  52
1953,  1956,  57,  57
3496,  3497,  1263,  1264
282,  285,  147,  147
1351,  1354,  55,  55
773,  776,  68,  68
2183,  2183,  85,  88
300,  300,  81,  84
482,  485,  858,  858
567,  567,  139,  142
444,  447,  60,  60
3635,  3636,  1200,  1201
356,  357,  486,  487
437,  437,  512,  515
2171,  2171,  142,  145
319,  322,  469,  469
147,  147,  562,  565
3157,  3158,  1417,  1418
3252,  3253,  1374,  1375
3201,  3202,  1397,  1398
141,  141,  98,  101
298,  298,  893,  896
1439,  1439,  63,  66
1054,  1057,  51,  51
429,  429,  132,  135
1574,  1574,  85,  88
1626,  1629,  54,  54
2893,  2896,  1537,  1537
3122,  3125,  1433,  1433
203,  206,  858,  858
148,  148,  141,  144
3027,  3028,  1476,  1477
464,  467,  854,  854
1360,  1363,  57,  57
3311,  3314,  1347,  1347
3355,  3356,  1327,  1328
3375,  3376,  1318,  1319
427,  427,  560,  563
154,  154,  849,  852
1033,  1033,  79,  82
3362,  3363,  1324,  1325
1892,  1892,  142,  145
139,  139,  910,  913
623,  626,  56,  56
1889,  1889,  80,  83
2842,  2843,  1560,  1561
2827,  2828,  1567,  1568
2075,  2078,  53,  53
1174,  1174,  72,  75
3285,  3286,  1359,  1360
1156,  1156,  82,  85
470,  473,  53,  53
288,  288,  941,  944
3580,  3581,  1225,  1226
711,  711,  118,  121
3648,  3649,  1194,  1195
3300,  3303,  1352,  1352
2849,  2852,  1557,  1557
2871,  2872,  1547,  1548
2489,  2492,  52,  52
1315,  1315,  65,  68
2950,  2951,  1511,  1512
2957,  2960,  1508,  1508
473,  476,  856,  856
3001,  3002,  1488,  1489
3177,  3180,  1408,  1408
1150,  1150,  111,  114
278,  278,  529,  532
601,  604,  51,  51
137,  137,  536,  539
1161,  1161,  135,  138
341,  344,  474,  474
2093,  2096,  57,  57
3558,  3561,  1235,  1235
2049,  2052,  60,  60
1585,  1585,  109,  112
576,  576,  96,  99
2240,  2241,  67,  68
2035,  2035,  126,  129
703,  704,  146,  147
1291,  1291,  104,  107
155,  155,  526,  529
2363,  2366,  55,  55
2972,  2973,  1501,  1502
3672,  3675,  1183,  1183
145,  145,  881,  884
3056,  3057,  1463,  1464
584,  587,  60,  60
562,  565,  147,  147
3518,  3519,  1253,  1254
1063,  1066,  53,  53
3573,  3574,  1228,  1229
420,  420,  517,  520
1162,  1162,  53,  56
2187,  2187,  65,  68
3406,  3407,  1304,  1305
1959,  1962,  68,  68
338,  341,  857,  857
356,  357,  861,  862
1647,  1648,  59,  60
1450,  1450,  87,  90
635,  636,  67,  68
3529,  3530,  1248,  1249
3628,  3631,  1203,  1203
3115,  3118,  1436,  1436
182,  185,  51,  51
3463,  3464,  1278,  1279
1168,  1168,  101,  104
3421,  3422,  1297,  1298
194,  197,  856,  856
1648,  1648,  65,  68
2328,  2331,  60,  60
463,  466,  470,  470
1198,  1201,  52,  52
2318,  2318,  107,  110
2159,  2160,  146,  147
694,  694,  123,  126
1207,  1210,  54,  54
1228,  1229,  67,  68
552,  552,  141,  144
3439,  3440,  1289,  1290
2188,  2191,  60,  60
1021,  1021,  60,  63
2210,  2213,  52,  52
1037,  1040,  60,  60
1473,  1476,  51,  51
165,  168,  60,  60
2038,  2039,  47,  48
1009,  1009,  118,  121
3274,  3275,  1364,  1365
736,  739,  50,  50
718,  718,  84,  87
2445,  2448,  147,  147
1575,  1576,  146,  147
1316,  1319,  60,  60
149,  149,  478,  481
472,  475,  472,  472
2024,  2024,  102,  105
2312,  2312,  136,  139
2354,  2357,  53,  53
485,  488,  475,  475
433,  433,  915,  918
614,  617,  54,  54
424,  425,  146,  147
1894,  1894,  133,  136
1907,  1907,  70,  73
1482,  1485,  53,  53
569,  570,  53,  54
2300,  2300,  117,  120
1285,  1285,  133,  136
320,  323,  853,  853
3144,  3147,  1423,  1423
154,  155,  47,  48
2480,  2483,  50,  50
2453,  2454,  53,  54
552,  552,  135,  138
1900,  1900,  104,  107
184,  187,  470,  470
2908,  2911,  1530,  1530
3219,  3222,  1389,  1389
152,  152,  122,  125
3615,  3616,  1209,  1210
2165,  2165,  95,  98
335,  338,  54,  54
415,  415,  925,  928
1940,  1943,  54,  54
1592,  1592,  75,  78
147,  147,  69,  72
206,  209,  475,  475
3657,  3660,  1190,  1190
2345,  2348,  51,  51
2060,  2060,  47,  49
497,  497,  59,  62
497,  497,  862,  864
1006,  1006,  143,  145
156,  156,  905,  908
1294,  1296,  147,  147
1366,  1369,  68,  68
350,  353,  476,  476
285,  286,  948,  949
288,  288,  62,  65
1931,  1934,  52,  52
303,  303,  66,  68
2177,  2177,  114,  117
2372,  2375,  57,  57
1297,  1297,  75,  78
2306,  2306,  88,  91
595,  595,  47,  49
1508,  1508,  66,  68
573,  575,  47,  47
3445,  3447,  1287,  1287
1287,  1289,  147,  147
1456,  1459,  60,  60
1188,  1188,  47,  49
1299,  1299,  142,  144
155,  157,  465,  465
1445,  1446,  47,  48
215,  217,  861,  861
771,  773,  58,  58
294,  294,  47,  49
1921,  1921,  47,  49
2306,  2308,  147,  147
434,  436,  465,  465
357,  357,  868,  870
1961,  1962,  59,  60
161,  163,  465,  465
1434,  1436,  147,  147
301,  303,  465,  465
1566,  1568,  147,  147
1166,  1166,  47,  49
148,  148,  943,  945
491,  493,  860,  860
566,  566,  69,  71
305,  307,  60,  60
455,  455,  47,  49
555,  557,  147,  147
2099,  2101,  68,  68
3042,  3044,  1470,  1470
432,  432,  469,  471
1369,  1369,  65,  67
1148,  1150,  147,  147
636,  636,  59,  61
287,  287,  561,  563
2520,  2520,  66,  68
134,  134,  562,  564
2457,  2457,  47,  49
287,  287,  871,  873
2299,  2301,  147,  147
218,  218,  483,  485
423,  425,  949,  949
1962,  1962,  65,  67
290,  290,  54,  56
434,  436,  849,  849
2378,  2380,  68,  68
1302,  1302,  53,  55
427,  427,  141,  143
1229,  1229,  59,  61
303,  303,  868,  870
2237,  2239,  58,  58
155,  157,  849,  849
1880,  1882,  147,  147
176,  176,  47,  49
2468,  2470,  60,  60
776,  776,  65,  67
1023,  1023,  53,  55
582,  582,  66,  68
2020,  2022,  147,  147
143,  145,  147,  147
2339,  2339,  47,  49
1438,  1438,  69,  71
151,  151,  855,  857
776,  776,  60,  62
1090,  1090,  65,  67
151,  151,  53,  55
3219,  3220,  1390,  1390
692,  692,  143,  145
1581,  1581,  53,  55
1467,  1467,  47,  49
1159,  1159,  69,  71
440,  442,  465,  465
493,  495,  487,  487
2200,  2200,  47,  49
3608,  3609,  1213,  1213
1427,  1429,  147,  147
215,  217,  68,  68
144,  146,  949,  949
709,  709,  53,  55
494,  496,  68,  68
273,  273,  560,  562
355,  356,  870,  870
3135,  3136,  1428,  1428
1454,  1454,  67,  68
290,  290,  856,  858
441,  442,  849,  849
302,  303,  849,  849
2941,  2942,  1516,  1516
316,  316,  47,  49
2174,  2174,  53,  55
497,  497,  483,  484
3067,  3068,  1459,  1459
430,  430,  53,  55
3492,  3493,  1266,  1266
1159,  1159,  143,  145
136,  138,  147,  147
1017,  1018,  146,  146
2974,  2975,  1501,  1501
357,  357,  484,  485
494,  496,  477,  477
3307,  3308,  1350,  1350
701,  702,  147,  147
2996,  2997,  1491,  1491
2992,  2993,  1493,  1493
162,  163,  849,  849
2035,  2036,  53,  53
218,  218,  480,  481
3498,  3499,  1263,  1263
2919,  2920,  1526,  1526
357,  357,  478,  479
295,  296,  47,  47
1163,  1163,  53,  54
413,  413,  143,  145
273,  273,  142,  143
144,  146,  565,  565
3144,  3145,  1424,  1424
3018,  3019,  1481,  1481
1009,  1010,  147,  147
215,  216,  477,  477
3111,  3112,  1439,  1439
1878,  1878,  143,  144
2157,  2157,  142,  143
3080,  3081,  1453,  1453
3102,  3103,  1443,  1443
3597,  3598,  1218,  1218
2844,  2845,  1560,  1560
3208,  3209,  1395,  1395
2888,  2889,  1540,  1540
2047,  2047,  67,  68
3663,  3664,  1188,  1188
3038,  3039,  1472,  1472
3150,  3151,  1421,  1421
1899,  1899,  47,  48
3536,  3537,  1246,  1246
3604,  3605,  1215,  1215
3465,  3466,  1278,  1278
3525,  3526,  1251,  1251
416,  417,  147,  147
305,  306,  862,  862
3188,  3189,  1404,  1404
2930,  2931,  1521,  1521
3412,  3413,  1302,  1302
3062,  3063,  1461,  1461
2453,  2453,  55,  56
3547,  3548,  1241,  1241
3681,  3682,  1180,  1180
3166,  3167,  1414,  1414
3128,  3129,  1431,  1431
3450,  3451,  1285,  1285
3531,  3532,  1248,  1248
1027,  1027,  47,  48
3454,  3455,  1283,  1283
3575,  3576,  1228,  1228
1368,  1368,  59,  60
296,  297,  465,  465
154,  154,  49,  50
2873,  2874,  1547,  1547
2952,  2953,  1511,  1511
2450,  2450,  143,  144
569,  569,  55,  56
3637,  3638,  1200,  1200
2985,  2986,  1496,  1496
2170,  2170,  144,  145
2436,  2436,  142,  143
3324,  3325,  1342,  1342
353,  354,  58,  58
1155,  1156,  147,  147
3276,  3277,  1364,  1364
3287,  3288,  1359,  1359
3558,  3559,  1236,  1236
2893,  2894,  1538,  1538
2318,  2318,  47,  48
1647,  1647,  67,  68
565,  565,  145,  146
3073,  3074,  1456,  1456
3051,  3052,  1466,  1466
2937,  2938,  1518,  1518
3668,  3669,  1186,  1186
3258,  3259,  1372,  1372
3384,  3385,  1315,  1315
3280,  3281,  1362,  1362
3368,  3369,  1322,  1322
2518,  2519,  68,  68
3551,  3552,  1239,  1239
1285,  1285,  143,  144
2178,  2178,  47,  48
293,  293,  469,  470
354,  355,  487,  487
3003,  3004,  1488,  1488
3514,  3515,  1256,  1256
3139,  3140,  1426,  1426
1506,  1507,  68,  68
2979,  2980,  1499,  1499
1306,  1307,  47,  47
695,  696,  147,  147
136,  136,  948,  949
134,  134,  143,  144
2946,  2947,  1514,  1514
3269,  3270,  1367,  1367
427,  427,  944,  945
3472,  3473,  1275,  1275
2101,  2101,  59,  60
1891,  1891,  144,  145
2166,  2167,  147,  147
3346,  3347,  1332,  1332
275,  276,  565,  565
2864,  2865,  1551,  1551
2822,  2823,  1570,  1570
1564,  1564,  143,  144
1175,  1175,  67,  68
1895,  1895,  54,  55
2926,  2927,  1523,  1523
1442,  1442,  53,  54
3254,  3255,  1374,  1374
2440,  2441,  147,  147
2031,  2031,  144,  145
2314,  2314,  53,  54
3617,  3618,  1209,  1209
3340,  3341,  1335,  1335
3401,  3402,  1307,  1307
1167,  1168,  47,  47
3236,  3237,  1382,  1382
3582,  3583,  1225,  1225
496,  496,  869,  870
2963,  2964,  1506,  1506
713,  714,  47,  47
3364,  3365,  1324,  1324
3047,  3048,  1468,  1468
3417,  3418,  1300,  1300
3459,  3460,  1281,  1281
3586,  3587,  1223,  1223
2833,  2834,  1565,  1565
2855,  2856,  1555,  1555
2904,  2905,  1533,  1533
3106,  3107,  1441,  1441
287,  287,  69,  70
3335,  3336,  1337,  1337
3177,  3178,  1409,  1409
3624,  3625,  1206,  1206
2860,  2861,  1553,  1553
2884,  2885,  1542,  1542
3672,  3673,  1184,  1184
1887,  1888,  147,  147
3247,  3248,  1377,  1377
1573,  1574,  147,  147
3300,  3301,  1353,  1353
415,  416,  565,  565
3503,  3504,  1261,  1261
426,  426,  490,  491
2450,  2450,  69,  70
3569,  3570,  1231,  1231
3388,  3389,  1313,  1313
3377,  3378,  1318,  1318
1578,  1578,  142,  143
2829,  2830,  1567,  1567
3122,  3123,  1434,  1434
3115,  3116,  1437,  1437
3318,  3319,  1345,  1345
3542,  3543,  1243,  1243
3095,  3096,  1446,  1446
3397,  3398,  1309,  1309
2816,  2817,  1573,  1573
415,  415,  948,  949
444,  445,  862,  862
357,  357,  60,  61
2516,  2517,  58,  58
3628,  3629,  1204,  1204
2849,  2850,  1558,  1558
706,  706,  142,  143
3263,  3264,  1370,  1370
3591,  3592,  1221,  1221
423,  424,  565,  565
3034,  3035,  1474,  1474
293,  293,  853,  854
3408,  3409,  1304,  1304
1507,  1508,  59,  59
2915,  2916,  1528,  1528
3058,  3059,  1463,  1463
3657,  3658,  1191,  1191
3291,  3292,  1357,  1357
3650,  3651,  1194,  1194
3357,  3358,  1327,  1327
287,  287,  143,  144
2027,  2028,  147,  147
3214,  3215,  1392,  1392
3203,  3204,  1397,  1397
3230,  3231,  1385,  1385
3183,  3184,  1406,  1406
1020,  1020,  142,  143
276,  277,  949,  949
3225,  3226,  1387,  1387
2241,  2241,  65,  66
151,  151,  472,  473
1090,  1090,  61,  62
3331,  3332,  1339,  1339
3641,  3642,  1198,  1198
164,  164,  482,  482
3084,  3085,  1451,  1451
165,  166,  862,  862
434,  434,  466,  467
3487,  3488,  1268,  1268
3476,  3477,  1273,  1273
2520,  2520,  60,  61
3311,  3312,  1348,  1348
3029,  3030,  1476,  1476
3520,  3521,  1253,  1253
3564,  3565,  1233,  1233
217,  217,  862,  862
495,  496,  59,  59
432,  432,  853,  854
3441,  3442,  1289,  1289
217,  217,  869,  870
422,  423,  147,  147
2380,  2380,  66,  67
2968,  2969,  1504,  1504
573,  573,  48,  49
277,  278,  147,  147
2877,  2878,  1545,  1545
1585,  1586,  47,  47
3172,  3173,  1411,  1411
3509,  3510,  1258,  1258
2101,  2101,  66,  67
1438,  1438,  143,  144
3014,  3015,  1483,  1483
217,  217,  59,  60
2379,  2380,  59,  59
287,  287,  488,  489
214,  215,  487,  487
3091,  3092,  1448,  1448
434,  435,  47,  47
3159,  3160,  1417,  1417
217,  217,  67,  67
2899,  2900,  1535,  1535
146,  146,  564,  564
155,  155,  466,  466
3423,  3424,  1297,  1297
1303,  1303,  53,  53
1228,  1228,  59,  59
2838,  2839,  1563,  1563
3685,  3686,  1178,  1178
1445,  1445,  49,  49
1007,  1007,  145,  145
355,  355,  68,  68
3023,  3024,  1479,  1479
3243,  3244,  1379,  1379
2315,  2315,  53,  53
2908,  2909,  1531,  1531
1028,  1028,  47,  47
3197,  3198,  1400,  1400
3428,  3429,  1295,  1295
2957,  2958,  1509,  1509
137,  137,  949,  949
284,  284,  565,  565
1900,  1900,  47,  47
3483,  3484,  1270,  1270
1306,  1306,  48,  48
1088,  1088,  59,  59
275,  275,  564,  564
3007,  3008,  1486,  1486
1368,  1368,  67,  67
1447,  1447,  47,  47
2448,  2448,  146,  146
3192,  3193,  1402,  1402
3432,  3433,  1293,  1293
294,  294,  467,  467
3351,  3352,  1330,  1330
286,  286,  563,  563
442,  442,  487,  487
425,  425,  145,  145
285,  285,  146,  146
1296,  1296,  146,  146
146,  146,  948,  948
2297,  2297,  144,  144
555,  555,  146,  146
2458,  2458,  47,  47
135,  135,  564,  564
2380,  2380,  60,  60
2018,  2018,  144,  144
136,  136,  146,  146
163,  163,  68,  68
495,  495,  870,  870
1436,  1436,  146,  146
1299,  1299,  69,  69
1367,  1367,  59,  59
704,  704,  145,  145
1880,  1880,  146,  146
152,  152,  855,  855
274,  274,  947,  947
496,  496,  67,  67
413,  413,  562,  562
2319,  2319,  47,  47
636,  636,  66,  66
1566,  1566,  146,  146
1585,  1585,  48,  48
1425,  1425,  144,  144
434,  434,  48,  48
496,  496,  862,  862
1578,  1578,  69,  69
216,  216,  59,  59
2299,  2299,  146,  146
2239,  2239,  68,  68
1146,  1146,  144,  144
496,  496,  478,  478
134,  134,  946,  946
1962,  1962,  61,  61
2175,  2175,  53,  53
145,  145,  146,  146
693,  693,  145,  145
1582,  1582,  53,  53
443,  443,  482,  482
1164,  1164,  53,  53
357,  357,  66,  66
426,  426,  563,  563
434,  434,  850,  850
433,  433,  469,  469
635,  635,  59,  59
216,  216,  870,  870
152,  152,  53,  53
2161,  2161,  147,  147
216,  216,  478,  478
152,  152,  472,  472
1961,  1961,  67,  67
1158,  1158,  145,  145
416,  416,  949,  949
155,  155,  850,  850
2326,  2326,  68,  68
147,  147,  144,  144
284,  284,  949,  949
2020,  2020,  146,  146
431,  431,  53,  53
291,  291,  472,  472
413,  413,  946,  946
775,  775,  67,  67
1443,  1443,  53,  53
564,  564,  146,  146
553,  553,  144,  144
291,  291,  856,  856
1646,  1646,  68,  68
163,  163,  487,  487
495,  495,  486,  486
1646,  1646,  59,  59
496,  496,  60,  60
291,  291,  54,  54
2100,  2100,  59,  59
2030,  2030,  145,  145
2171,  2171,  69,  69
1287,  1287,  146,  146
1298,  1298,  144,  144
304,  304,  480,  480
430,  430,  473,  473
1960,  1960,  59,  59
294,  294,  851,  851
2241,  2241,  61,  61
2327,  2327,  63,  63
2239,  2239,  59,  59
296,  296,  849,  849
2519,  2519,  67,  67
2048,  2048,  63,  63
1427,  1427,  146,  146
1089,  1089,  67,  67
355,  355,  861,  861
425,  425,  948,  948
710,  710,  53,  53
1508,  1508,  60,  60
217,  217,  485,  485
1648,  1648,  61,  61
1148,  1148,  146,  146
414,  414,  145,  145
156,  156,  47,  47
164,  164,  63,  63
775,  775,  60,  60
356,  356,  478,  478
571,  571,  53,  53
1229,  1229,  66,  66
2040,  2040,  47,  47
433,  433,  853,  853
286,  286,  947,  947
430,  430,  857,  857
713,  713,  48,  48
3653,  3653,  1193,  1193
1018,  1018,  145,  145
357,  357,  863,  863
1227,  1227,  68,  68
1024,  1024,  53,  53
2308,  2308,  146,  146
2179,  2179,  47,  47
1897,  1897,  52,  52
634,  634,  68,  68
2035,  2035,  54,  54
2038,  2038,  49,  49
2310,  2310,  144,  144
