2079,  3018,  148,  1068
415,  1693,  919,  1315
1012,  2078,  267,  918
3020,  3381,  148,  965
1694,  2078,  919,  1255
3382,  3530,  148,  963
3556,  3688,  148,  1027
700,  1011,  316,  604
48,  414,  1084,  1311
2079,  2591,  1069,  1175
659,  1011,  814,  918
1477,  2078,  209,  266
858,  980,  655,  813
2362,  2620,  74,  147
3020,  3278,  966,  1028
2079,  2299,  1176,  1245
207,  414,  1018,  1083
783,  1401,  1316,  1334
1844,  2078,  167,  208
0,  47,  1128,  1311
1694,  1872,  1256,  1303
2592,  2799,  1069,  1103
3531,  3555,  737,  1027
2217,  2331,  89,  147
537,  658,  864,  918
1368,  1456,  196,  266
875,  971,  253,  315
2434,  2509,  0,  73
3447,  3530,  964,  1027
1244,  1337,  210,  266
1729,  1825,  154,  208
294,  414,  975,  1017
2290,  2339,  0,  88
781,  857,  757,  813
1121,  1213,  224,  266
1977,  2065,  123,  166
1611,  1699,  165,  208
2095,  2187,  106,  147
760,  845,  273,  315
700,  729,  195,  315
1754,  1849,  74,  106
947,  981,  165,  251
949,  1248,  1335,  1344
2001,  2090,  43,  75
2118,  2212,  28,  58
1855,  1947,  136,  166
682,  761,  730,  765
1879,  1973,  59,  88
1559,  1591,  89,  174
1027,  1115,  165,  195
1316,  1346,  121,  208
611,  643,  730,  811
1634,  1726,  89,  117
1146,  1239,  149,  176
783,  869,  195,  224
3020,  3143,  1029,  1049
0,  29,  1004,  1089
1391,  1482,  121,  148
1487,  1581,  182,  208
72,  148,  1004,  1036
731,  775,  675,  728
318,  395,  896,  927
191,  274,  953,  981
492,  520,  785,  864
1040,  1091,  221,  266
168,  206,  1029,  1083
251,  286,  896,  952
2300,  2445,  1176,  1189
122,  161,  953,  1003
371,  407,  843,  895
804,  857,  675,  709
2800,  2903,  1069,  1086
2592,  2701,  1104,  1119
560,  610,  785,  816
3279,  3329,  966,  997
584,  782,  1316,  1323
438,  491,  843,  870
1802,  1831,  107,  153
1511,  1558,  106,  134
1402,  1540,  1316,  1325
1160,  1221,  202,  223
1863,  1958,  114,  128
2103,  2196,  84,  98
1267,  1315,  135,  162
2240,  2289,  14,  40
981,  1011,  771,  813
1375,  1467,  174,  188
1619,  1711,  143,  157
898,  946,  179,  205
767,  853,  251,  265
544,  629,  843,  857
2385,  2433,  0,  25
2016,  2072,  101,  122
423,  507,  897,  911
730,  752,  195,  248
972,  1011,  286,  315
55,  138,  1063,  1076
698,  751,  792,  813
333,  385,  953,  974
3417,  3446,  964,  997
1921,  1979,  43,  58
176,  264,  1007,  1017
2369,  2433,  52,  66
1251,  1315,  188,  202
1001,  1039,  243,  266
2332,  2361,  117,  147
1928,  1964,  89,  113
1194,  1230,  177,  201
994,  1011,  605,  655
1068,  1123,  149,  164
882,  946,  232,  245
1737,  1801,  132,  146
1799,  1857,  59,  73
2168,  2202,  59,  83
1432,  1488,  106,  120
1440,  1473,  149,  173
1494,  1558,  161,  174
1684,  1717,  118,  142
788,  857,  737,  749
2224,  2289,  69,  81
824,  876,  179,  194
2042,  2097,  28,  42
1187,  1245,  135,  148
1457,  1476,  226,  266
1678,  1731,  74,  88
1338,  1367,  240,  266
1074,  1105,  196,  220
2163,  2219,  14,  27
2510,  2620,  67,  73
2050,  2080,  76,  100
2340,  2356,  0,  44
981,  991,  679,  747
1347,  1364,  121,  161
982,  998,  165,  207
832,  859,  225,  250
0,  18,  1090,  1127
3144,  3208,  1029,  1039
30,  45,  1004,  1047
1592,  1607,  89,  132
1032,  1171,  1345,  1349
611,  631,  812,  842
644,  659,  730,  769
304,  332,  946,  967
241,  265,  982,  1006
1131,  1159,  195,  216
669,  695,  784,  806
2079,  2202,  1246,  1250
521,  536,  785,  822
1011,  1039,  215,  235
1987,  2015,  95,  115
3020,  3078,  1050,  1059
1873,  1990,  1256,  1260
454,  536,  912,  918
87,  167,  1077,  1083
1694,  1786,  1304,  1309
846,  874,  297,  315
492,  508,  865,  895
1826,  1843,  180,  208
732,  751,  766,  791
2446,  2518,  1176,  1182
2300,  2371,  1190,  1196
2904,  2960,  1069,  1077
683,  782,  1324,  1328
576,  658,  858,  863
2592,  2646,  1120,  1128
367,  386,  928,  951
121,  138,  1037,  1062
1526,  1588,  175,  181
2800,  2848,  1087,  1095
1894,  1955,  129,  135
2134,  2194,  99,  105
3330,  3355,  966,  981
866,  948,  1335,  1339
2188,  2216,  133,  147
1406,  1464,  189,  195
1650,  1708,  158,  164
2702,  2750,  1104,  1111
3279,  3301,  998,  1014
1214,  1243,  254,  266
1541,  1617,  1316,  1320
1249,  1325,  1335,  1339
752,  780,  801,  813
491,  583,  1316,  1319
798,  850,  266,  272
993,  1011,  267,  285
1700,  1728,  197,  208
730,  741,  249,  277
386,  414,  963,  974
1402,  1463,  1326,  1330
287,  295,  896,  928
3400,  3416,  964,  980
408,  416,  843,  873
2227,  2260,  61,  68
753,  761,  195,  224
820,  857,  750,  756
776,  783,  675,  707
791,  819,  728,  736
162,  170,  953,  979
1282,  1315,  203,  209
2256,  2289,  82,  88
1768,  1801,  147,  153
58,  86,  1055,  1062
1497,  1522,  152,  160
885,  913,  224,  231
2401,  2433,  67,  73
914,  946,  246,  252
1832,  1841,  107,  129
3432,  3446,  998,  1012
547,  578,  836,  842
2066,  2078,  150,  166
2372,  2402,  45,  51
770,  800,  244,  250
1740,  1769,  125,  131
527,  536,  891,  911
1866,  1894,  107,  113
1347,  1355,  162,  184
161,  167,  1048,  1076
178,  206,  1000,  1006
1378,  1406,  167,  173
467,  491,  871,  878
1873,  1882,  1261,  1280
426,  450,  889,  896
2105,  2137,  78,  83
1621,  1653,  137,  142
1254,  1281,  181,  187
3209,  3246,  1029,  1033
1360,  1367,  216,  239
2340,  2348,  45,  65
2300,  2307,  1197,  1220
2357,  2363,  0,  26
982,  990,  208,  228
1236,  1243,  231,  253
40,  47,  1105,  1127
867,  874,  274,  296
752,  759,  293,  315
651,  658,  835,  857
2353,  2361,  97,  116
2079,  2138,  1251,  1253
773,  780,  779,  800
833,  857,  710,  716
521,  528,  823,  843
286,  293,  997,  1017
2208,  2216,  114,  132
408,  414,  939,  962
2262,  2289,  41,  46
1608,  1613,  89,  116
1603,  1610,  188,  208
1113,  1120,  246,  266
1970,  1976,  143,  166
30,  37,  1048,  1068
1592,  1599,  133,  153
644,  651,  770,  790
584,  610,  817,  822
705,  731,  766,  771
1005,  1011,  748,  770
1722,  1728,  174,  196
3079,  3110,  1050,  1054
3144,  3175,  1040,  1044
810,  831,  225,  231
2408,  2433,  26,  31
46,  50,  1004,  1034
2088,  2094,  126,  147
1005,  1011,  656,  677
1903,  1927,  89,  94
1291,  1315,  163,  168
216,  240,  982,  987
2143,  2167,  59,  64
1659,  1683,  118,  123
96,  120,  1037,  1042
1066,  1140,  1350,  1351
2025,  2049,  76,  81
999,  1003,  165,  194
733,  782,  1329,  1331
918,  946,  206,  210
1535,  1558,  135,  140
1411,  1439,  149,  153
1170,  1193,  177,  182
1694,  1740,  1310,  1312
172,  206,  1018,  1021
339,  366,  928,  932
1779,  1801,  107,  112
1092,  1098,  221,  240
1787,  1832,  1304,  1306
1051,  1073,  196,  201
992,  995,  697,  729
1883,  1926,  1261,  1263
1365,  1369,  121,  147
3020,  3052,  1060,  1063
762,  768,  729,  747
2961,  2986,  1069,  1073
2519,  2561,  1176,  1178
2446,  2487,  1183,  1185
350,  414,  1312,  1313
1991,  2054,  1256,  1257
2372,  2413,  1190,  1192
2203,  2244,  1246,  1248
2904,  2934,  1078,  1081
2647,  2670,  1120,  1124
2592,  2621,  1129,  1132
2849,  2872,  1087,  1091
3302,  3314,  998,  1006
1850,  1856,  74,  90
3330,  3342,  982,  989
149,  154,  1004,  1021
2091,  2095,  43,  63
631,  682,  1324,  1325
3356,  3368,  966,  973
816,  865,  1335,  1336
396,  401,  896,  912
899,  948,  1340,  1341
982,  1031,  1345,  1346
2751,  2774,  1104,  1107
2308,  2339,  1197,  1199
1116,  1121,  165,  180
2800,  2823,  1096,  1099
444,  490,  1316,  1317
1974,  1979,  59,  74
537,  583,  1320,  1321
2702,  2725,  1112,  1115
1172,  1202,  1345,  1347
1464,  1494,  1326,  1328
1249,  1294,  1340,  1341
1326,  1371,  1335,  1336
1541,  1586,  1321,  1322
1618,  1663,  1316,  1317
509,  515,  865,  877
275,  281,  953,  965
1024,  1026,  165,  194
632,  637,  812,  826
2213,  2219,  28,  40
730,  735,  278,  292
139,  160,  1073,  1076
870,  875,  195,  208
1850,  1854,  150,  166
1727,  1731,  89,  105
854,  857,  717,  736
1240,  1245,  149,  162
3279,  3288,  1015,  1022
1483,  1488,  121,  134
820,  838,  733,  736
19,  24,  1090,  1102
742,  747,  249,  261
3409,  3416,  981,  989
1523,  1537,  156,  160
508,  526,  908,  911
488,  491,  879,  896
1481,  1486,  197,  208
3392,  3399,  964,  972
981,  986,  667,  678
1013,  1030,  211,  214
981,  986,  748,  759
660,  661,  730,  764
532,  536,  877,  890
1311,  1315,  121,  134
2081,  2085,  76,  89
139,  144,  1037,  1047
537,  538,  785,  817
2229,  2245,  57,  60
1106,  1111,  196,  206
972,  976,  252,  264
2203,  2208,  59,  69
860,  864,  225,  237
752,  756,  766,  778
1832,  1836,  130,  142
1989,  2004,  91,  94
1623,  1638,  133,  136
451,  466,  871,  874
548,  563,  832,  835
1752,  1753,  74,  105
266,  269,  982,  996
2107,  2122,  74,  77
1402,  1432,  1331,  1332
2373,  2387,  41,  44
1474,  1477,  149,  163
1873,  1877,  1281,  1292
87,  98,  1058,  1062
771,  785,  240,  243
1231,  1235,  177,  188
696,  707,  787,  791
1718,  1722,  118,  129
1000,  1004,  759,  770
914,  928,  228,  231
451,  465,  893,  896
1965,  1969,  89,  100
1700,  1704,  165,  176
2261,  2275,  65,  68
2358,  2361,  83,  96
157,  160,  1059,  1072
387,  390,  928,  941
3209,  3227,  1034,  1036
2213,  2216,  100,  113
305,  322,  943,  945
3425,  3431,  998,  1005
998,  1004,  656,  663
3439,  3446,  1013,  1019
753,  757,  225,  235
1741,  1754,  121,  124
1132,  1149,  192,  194
1144,  1145,  149,  175
1222,  1225,  202,  214
1966,  1969,  154,  166
1338,  1341,  209,  221
1356,  1359,  162,  174
162,  166,  980,  990
982,  985,  229,  241
404,  407,  950,  962
1040,  1052,  217,  220
997,  1000,  254,  266
408,  411,  874,  886
287,  290,  929,  941
59,  75,  1052,  1054
1160,  1172,  198,  201
2340,  2343,  66,  78
1347,  1350,  185,  197
792,  808,  725,  727
1842,  1846,  107,  116
1457,  1461,  196,  205
1355,  1359,  230,  239
2016,  2027,  97,  100
931,  946,  211,  213
333,  348,  950,  952
355,  366,  933,  936
1948,  1952,  136,  145
1255,  1266,  177,  180
821,  832,  710,  713
1240,  1243,  219,  230
180,  191,  996,  999
2073,  2077,  101,  110
798,  809,  225,  228
1867,  1878,  103,  106
1379,  1390,  163,  166
1428,  1439,  154,  157
2278,  2289,  47,  50
747,  751,  307,  315
1214,  1217,  224,  235
1718,  1721,  185,  196
886,  901,  221,  223
1231,  1235,  245,  253
1770,  1784,  129,  131
207,  221,  1004,  1006
1407,  1421,  171,  173
596,  610,  823,  825
801,  815,  248,  250
2300,  2302,  1221,  1235
1282,  1296,  185,  187
862,  866,  288,  296
717,  731,  772,  774
2403,  2417,  49,  51
579,  593,  840,  842
769,  772,  790,  800
1895,  1909,  111,  113
646,  650,  849,  857
2084,  2087,  137,  147
2332,  2335,  89,  99
1927,  1948,  1261,  1262
1082,  1125,  1352,  1352
36,  39,  1117,  1127
1364,  1367,  205,  215
290,  293,  986,  996
1606,  1610,  179,  187
776,  779,  708,  718
44,  47,  1094,  1104
1117,  1120,  235,  245
777,  780,  768,  778
756,  759,  282,  292
2245,  2287,  1246,  1246
2139,  2181,  1251,  1251
671,  684,  781,  783
665,  668,  796,  806
655,  658,  824,  834
373,  414,  1314,  1314
1991,  2032,  1258,  1258
871,  874,  263,  273
2446,  2466,  1186,  1187
1592,  1595,  154,  163
2420,  2433,  32,  34
644,  648,  791,  798
2372,  2392,  1193,  1194
2519,  2539,  1179,  1180
3111,  3130,  1050,  1051
1008,  1011,  678,  687
300,  303,  958,  967
521,  524,  844,  853
3020,  3039,  1064,  1065
2349,  2352,  45,  54
1600,  1603,  133,  142
38,  41,  1048,  1057
1126,  1130,  209,  216
282,  285,  1008,  1017
991,  994,  208,  217
1007,  1010,  226,  235
1983,  1986,  106,  115
3247,  3266,  1029,  1030
30,  33,  1069,  1078
1109,  1112,  257,  266
652,  655,  770,  779
3176,  3195,  1040,  1041
529,  532,  823,  832
2592,  2592,  1133,  1171
1599,  1602,  199,  208
2079,  2117,  1254,  1254
3144,  3156,  1045,  1047
1671,  1683,  124,  126
1303,  1315,  169,  171
2395,  2407,  26,  28
2987,  2999,  1069,  1071
1498,  1510,  149,  151
228,  240,  988,  990
203,  215,  982,  984
3079,  3097,  1055,  1056
1099,  1101,  221,  232
1916,  1927,  95,  97
2873,  2884,  1087,  1089
2155,  2167,  65,  67
2131,  2142,  59,  61
84,  95,  1037,  1039
427,  438,  886,  888
1725,  1728,  165,  173
1973,  1976,  134,  142
2013,  2024,  76,  78
2250,  2261,  41,  43
2038,  2049,  82,  84
2904,  2915,  1082,  1084
693,  704,  766,  768
1891,  1902,  89,  91
1158,  1169,  177,  179
1647,  1658,  118,  120
572,  583,  817,  819
411,  414,  930,  938
1279,  1290,  163,  165
1009,  1011,  736,  747
990,  992,  274,  285
1039,  1050,  196,  198
2671,  2688,  1120,  1121
716,  732,  1329,  1330
1767,  1778,  107,  109
849,  865,  1337,  1338
109,  120,  1043,  1045
766,  782,  1332,  1333
2593,  2609,  1133,  1134
1548,  1558,  141,  143
1523,  1534,  135,  137
916,  948,  1342,  1342
2138,  2148,  81,  83
2308,  2310,  1200,  1210
2066,  2068,  123,  133
650,  682,  1326,  1326
999,  1031,  1347,  1347
1063,  1073,  202,  204
1582,  1584,  182,  192
2092,  2094,  115,  125
165,  167,  1037,  1047
1654,  1664,  140,  142
1183,  1193,  183,  185
1791,  1801,  113,  115
2188,  2190,  106,  116
769,  771,  729,  739
2350,  2352,  106,  116
155,  158,  1004,  1011
71,  71,  1004,  1035
1694,  1709,  1313,  1314
2000,  2000,  43,  74
509,  512,  878,  885
696,  697,  792,  807
1833,  1863,  1304,  1304
3315,  3322,  998,  1001
1092,  1095,  241,  248
296,  296,  896,  925
731,  761,  729,  729
2213,  2216,  41,  48
317,  317,  896,  926
839,  853,  735,  736
1326,  1340,  1337,  1338
1787,  1801,  1307,  1308
1203,  1217,  1345,  1346
1826,  1828,  154,  163
1618,  1632,  1318,  1319
1541,  1555,  1323,  1324
822,  831,  232,  234
1741,  1755,  1310,  1311
762,  764,  748,  757
1495,  1524,  1326,  1326
1249,  1263,  1342,  1343
2357,  2359,  27,  36
275,  277,  966,  975
1878,  1878,  59,  87
1850,  1852,  91,  100
2096,  2097,  43,  57
2276,  2289,  67,  68
2205,  2207,  123,  132
1510,  1510,  106,  133
1883,  1886,  1264,  1270
417,  417,  843,  870
845,  853,  717,  719
2288,  2289,  0,  13
3053,  3065,  1060,  1061
1474,  1476,  217,  225
2961,  2973,  1074,  1075
402,  404,  896,  904
361,  385,  952,  952
2935,  2947,  1078,  1079
947,  971,  252,  252
2197,  2199,  84,  92
3302,  3306,  1007,  1011
467,  490,  1318,  1318
3289,  3293,  1015,  1019
3356,  3361,  974,  977
2775,  2786,  1104,  1105
19,  21,  1103,  1110
420,  443,  1316,  1316
1484,  1486,  189,  196
1483,  1485,  135,  142
3369,  3374,  966,  969
2726,  2737,  1112,  1113
632,  635,  827,  832
1974,  1976,  75,  82
2849,  2860,  1092,  1093
3343,  3348,  982,  985
2647,  2658,  1125,  1126
149,  151,  1022,  1029
910,  917,  206,  208
331,  338,  928,  930
1403,  1410,  149,  151
1608,  1610,  117,  124
730,  732,  293,  300
2622,  2633,  1129,  1130
1116,  1118,  181,  188
2751,  2762,  1108,  1109
1468,  1470,  174,  181
638,  640,  812,  819
480,  487,  879,  881
1847,  1849,  159,  166
2702,  2713,  1116,  1117
742,  744,  262,  269
2800,  2811,  1100,  1101
820,  827,  730,  732
1106,  1108,  207,  214
3330,  3335,  990,  993
2824,  2835,  1096,  1097
524,  526,  900,  907
139,  141,  1048,  1055
514,  536,  1320,  1320
396,  398,  913,  920
561,  583,  1322,  1322
870,  872,  209,  216
1959,  1961,  114,  121
327,  349,  1312,  1312
1240,  1242,  163,  170
1316,  1337,  209,  209
608,  630,  1324,  1324
2340,  2350,  1197,  1198
708,  718,  790,  791
2488,  2508,  1183,  1183
99,  109,  1061,  1062
1538,  1548,  159,  160
854,  856,  251,  257
270,  272,  982,  988
2245,  2265,  1247,  1247
1991,  2011,  1259,  1259
1478,  1480,  149,  155
2055,  2075,  1256,  1256
2414,  2434,  1190,  1190
764,  766,  259,  265
1002,  1004,  664,  670
2100,  2102,  92,  98
1712,  1714,  143,  149
2139,  2159,  1252,  1252
2562,  2582,  1176,  1176
420,  422,  905,  911
1616,  1618,  151,  157
1949,  1969,  1261,  1261
2203,  2205,  70,  76
1860,  1862,  122,  128
1734,  1736,  140,  146
2203,  2223,  1249,  1249
3388,  3391,  964,  968
1013,  1022,  209,  210
1122,  1123,  165,  174
3405,  3408,  981,  985
1372,  1374,  182,  188
736,  737,  278,  287
2079,  2096,  1255,  1255
1887,  1905,  1264,  1264
2311,  2329,  1200,  1200
981,  983,  760,  765
397,  414,  1315,  1315
542,  543,  849,  857
981,  983,  661,  666
1365,  1367,  148,  153
1133,  1141,  190,  191
997,  999,  765,  770
2229,  2237,  55,  56
2303,  2304,  1221,  1229
306,  314,  941,  942
2367,  2368,  58,  66
846,  848,  273,  278
2086,  2088,  76,  81
1492,  1493,  166,  174
879,  881,  240,  245
992,  993,  688,  696
1248,  1250,  197,  202
1234,  1235,  236,  244
391,  393,  928,  933
1049,  1065,  1350,  1350
929,  946,  231,  231
1011,  1011,  688,  704
594,  610,  842,  842
992,  993,  730,  738
3413,  3416,  990,  993
700,  715,  1329,  1329
1558,  1558,  89,  105
1420,  1427,  154,  155
786,  787,  742,  749
1402,  1417,  1333,  1333
1853,  1854,  142,  149
46,  47,  1035,  1042
535,  536,  869,  876
153,  156,  1069,  1072
1129,  1130,  201,  208
793,  800,  723,  724
649,  650,  841,  848
60,  67,  1050,  1051
2344,  2345,  66,  73
757,  758,  766,  773
530,  531,  883,  890
1358,  1359,  222,  229
750,  765,  1332,  1332
1989,  1996,  89,  90
3421,  3424,  998,  1001
865,  866,  280,  287
630,  645,  857,  857
883,  898,  1340,  1340
813,  820,  710,  711
1609,  1610,  171,  178
1282,  1289,  183,  184
1837,  1838,  130,  137
1727,  1728,  106,  113
3396,  3399,  973,  976
1053,  1060,  219,  220
972,  973,  265,  272
667,  682,  1327,  1327
333,  340,  948,  949
790,  797,  225,  226
459,  466,  875,  876
610,  610,  826,  841
1141,  1156,  1350,  1350
1267,  1274,  179,  180
25,  26,  1090,  1097
1832,  1833,  143,  150
750,  751,  299,  306
800,  815,  1335,  1335
987,  988,  748,  755
966,  981,  1345,  1345
492,  507,  896,  896
291,  292,  929,  936
1016,  1031,  1348,  1348
3443,  3446,  1020,  1023
833,  848,  1337,  1337
1770,  1777,  127,  128
1623,  1630,  131,  132
986,  987,  229,  236
516,  517,  865,  872
933,  948,  1343,  1343
939,  946,  214,  215
443,  450,  871,  872
752,  753,  779,  786
2005,  2012,  93,  94
1226,  1227,  202,  209
1965,  1966,  101,  108
1391,  1398,  165,  166
347,  354,  933,  934
162,  163,  991,  998
1433,  1448,  1331,  1331
999,  1000,  195,  202
2356,  2357,  89,  96
579,  586,  838,  839
2270,  2277,  47,  48
1231,  1232,  189,  196
887,  894,  219,  220
977,  978,  252,  259
2211,  2212,  106,  113
53,  54,  1069,  1076
644,  646,  799,  803
1464,  1478,  1329,  1329
1842,  1843,  117,  124
1351,  1352,  185,  192
753,  754,  236,  243
748,  749,  249,  256
3279,  3283,  1023,  1025
1710,  1724,  1313,  1313
1879,  1886,  105,  106
282,  284,  953,  957
1372,  1386,  1335,  1335
1495,  1509,  1327,  1327
401,  403,  958,  962
1841,  1843,  175,  179
1833,  1847,  1305,  1305
1172,  1186,  1348,  1348
1264,  1278,  1342,  1342
1556,  1570,  1323,  1323
1664,  1678,  1316,  1316
1341,  1355,  1337,  1337
1873,  1875,  1293,  1297
1948,  1950,  146,  150
1756,  1770,  1310,  1310
1633,  1647,  1318,  1318
2091,  2093,  64,  68
1342,  1344,  209,  213
1718,  1720,  130,  134
1802,  1816,  1307,  1307
1587,  1601,  1321,  1321
2388,  2394,  43,  44
1963,  1965,  162,  166
1218,  1232,  1345,  1345
1011,  1011,  721,  735
1295,  1309,  1340,  1340
1360,  1362,  162,  166
2081,  2083,  90,  94
2073,  2075,  111,  115
865,  867,  225,  229
1457,  1459,  206,  210
860,  862,  238,  242
412,  414,  874,  878
1857,  1857,  74,  87
1236,  1237,  177,  183
1700,  1702,  177,  181
987,  989,  674,  678
2108,  2114,  72,  73
2261,  2267,  63,  64
2593,  2593,  1135,  1148
174,  175,  1011,  1017
2403,  2409,  47,  48
549,  555,  830,  831
914,  920,  226,  227
1173,  1179,  200,  201
192,  198,  998,  999
3247,  3253,  1031,  1032
466,  472,  895,  896
3111,  3117,  1052,  1053
1878,  1879,  1281,  1287
801,  807,  246,  247
3176,  3182,  1042,  1043
3020,  3026,  1066,  1067
1407,  1413,  169,  170
2123,  2129,  76,  77
451,  457,  891,  892
1218,  1219,  224,  230
564,  570,  834,  835
2246,  2252,  59,  60
1755,  1761,  123,  124
1639,  1645,  135,  136
786,  792,  242,  243
1031,  1037,  213,  214
1102,  1103,  221,  227
207,  213,  1002,  1003
2222,  2223,  75,  81
2028,  2034,  99,  100
1895,  1901,  109,  110
995,  996,  260,  266
1970,  1971,  89,  95
1523,  1529,  154,  155
3228,  3240,  1034,  1034
3079,  3091,  1057,  1057
3157,  3169,  1045,  1045
1040,  1045,  215,  216
2202,  2204,  129,  132
3209,  3221,  1037,  1037
3429,  3431,  1006,  1009
2885,  2897,  1087,  1087
652,  653,  780,  785
3000,  3005,  1069,  1070
2347,  2349,  113,  116
529,  530,  833,  838
987,  989,  282,  285
1009,  1010,  220,  225
1723,  1724,  118,  123
288,  289,  991,  996
606,  609,  826,  828
729,  731,  775,  778
2671,  2682,  1122,  1122
1366,  1367,  199,  204
33,  35,  1124,  1127
999,  1000,  248,  253
671,  676,  779,  780
2069,  2070,  123,  128
163,  164,  1042,  1047
1112,  1113,  196,  201
2349,  2350,  55,  60
1716,  1717,  191,  196
766,  768,  797,  800
118,  120,  1059,  1062
758,  759,  225,  230
237,  240,  991,  993
2428,  2433,  35,  36
145,  146,  1037,  1042
2374,  2379,  39,  40
1585,  1586,  182,  187
2916,  2927,  1082,  1082
780,  781,  708,  713
1457,  1460,  223,  225
1115,  1116,  240,  245
167,  168,  980,  985
292,  293,  980,  985
758,  759,  276,  281
1007,  1008,  742,  747
663,  664,  801,  806
1705,  1706,  165,  170
772,  777,  238,  239
779,  780,  762,  767
1119,  1120,  229,  234
38,  39,  1058,  1063
775,  776,  773,  778
1479,  1480,  203,  208
117,  120,  1046,  1048
302,  303,  952,  957
873,  874,  257,  262
1099,  1109,  1353,  1353
876,  876,  195,  205
38,  39,  1111,  1116
1238,  1239,  225,  230
2540,  2550,  1179,  1179
657,  658,  818,  823
3435,  3438,  1013,  1015
104,  108,  1043,  1044
3315,  3319,  1002,  1003
2519,  2529,  1181,  1181
521,  522,  854,  859
2086,  2087,  132,  136
667,  668,  790,  795
2372,  2381,  1195,  1195
1092,  1093,  249,  253
284,  285,  1003,  1007
869,  870,  269,  273
2191,  2192,  106,  110
287,  288,  942,  946
1499,  1503,  147,  148
2562,  2571,  1177,  1177
1601,  1602,  194,  198
46,  47,  1089,  1093
2045,  2049,  85,  86
776,  777,  719,  723
2467,  2476,  1186,  1186
2594,  2603,  1135,  1135
2446,  2455,  1188,  1188
406,  407,  945,  949
408,  409,  887,  891
2209,  2210,  59,  63
1474,  1475,  164,  168
2414,  2423,  1191,  1191
2340,  2341,  79,  83
42,  43,  1100,  1104
1829,  1830,  154,  158
1362,  1363,  211,  215
1741,  1750,  120,  120
159,  160,  1054,  1058
1975,  1976,  129,  133
1338,  1342,  238,  239
2215,  2216,  95,  99
2336,  2337,  89,  93
3307,  3311,  1007,  1008
1853,  1854,  91,  95
1311,  1315,  172,  173
1003,  1004,  754,  758
34,  35,  1069,  1073
1353,  1354,  235,  239
509,  510,  886,  890
413,  414,  925,  929
1111,  1112,  252,  256
1356,  1357,  175,  179
1968,  1969,  149,  153
362,  366,  937,  938
42,  43,  1048,  1052
1554,  1558,  159,  160
266,  267,  997,  1001
771,  772,  785,  789
387,  388,  942,  946
1347,  1348,  198,  202
1604,  1605,  133,  137
2393,  2402,  1193,  1193
2351,  2360,  1197,  1197
2360,  2361,  78,  82
1242,  1243,  214,  218
2353,  2354,  45,  49
2213,  2214,  49,  53
2188,  2192,  131,  132
1727,  1728,  160,  164
1160,  1164,  196,  197
1222,  1223,  215,  219
982,  983,  242,  246
1883,  1884,  1271,  1275
1679,  1683,  127,  128
754,  755,  288,  292
1214,  1215,  236,  240
533,  534,  823,  827
991,  992,  218,  222
765,  766,  748,  752
298,  299,  963,  967
525,  526,  844,  848
1985,  1986,  101,  105
995,  996,  208,  212
2360,  2361,  27,  31
2082,  2083,  143,  147
632,  633,  833,  837
2332,  2333,  100,  104
1338,  1339,  222,  226
278,  279,  966,  970
2488,  2497,  1184,  1184
653,  654,  830,  834
1720,  1721,  180,  184
729,  731,  789,  791
1923,  1927,  98,  99
772,  773,  729,  733
1592,  1593,  164,  168
1597,  1598,  204,  208
30,  31,  1079,  1083
1596,  1597,  154,  158
3294,  3298,  1015,  1016
1600,  1601,  143,  147
2090,  2091,  121,  125
2163,  2167,  68,  69
738,  739,  278,  282
656,  657,  770,  774
1948,  1950,  164,  166
1174,  1182,  183,  183
155,  156,  1012,  1016
1539,  1547,  141,  141
1435,  1439,  158,  159
1191,  1193,  186,  188
19,  21,  1125,  1127
730,  732,  313,  315
521,  523,  905,  907
1638,  1646,  118,  118
1106,  1108,  264,  266
744,  746,  313,  315
2029,  2037,  82,  82
1700,  1702,  194,  196
2287,  2289,  51,  53
1799,  1801,  116,  118
1471,  1473,  223,  225
1270,  1278,  163,  163
1826,  1828,  177,  179
2311,  2312,  1201,  1204
1071,  1073,  205,  207
2122,  2130,  59,  59
1150,  1157,  177,  177
2066,  2068,  147,  149
279,  281,  1015,  1017
1556,  1558,  144,  146
207,  215,  985,  985
1228,  1230,  251,  253
2151,  2154,  65,  66
2332,  2334,  114,  116
386,  388,  960,  962
322,  330,  928,  928
1191,  1193,  199,  201
841,  844,  717,  718
1867,  1875,  102,  102
752,  754,  798,  800
859,  861,  294,  296
199,  202,  982,  983
1582,  1584,  206,  208
155,  156,  1065,  1068
701,  704,  769,  770
222,  225,  1005,  1006
852,  853,  720,  723
1150,  1153,  193,  194
139,  141,  1070,  1072
1297,  1304,  187,  187
2138,  2141,  79,  80
2404,  2407,  29,  30
696,  699,  785,  786
1214,  1216,  251,  253
923,  930,  211,  211
1956,  1957,  129,  132
1763,  1766,  107,  108
2009,  2012,  76,  77
906,  909,  206,  207
1527,  1534,  138,  138
2430,  2433,  50,  51
1912,  1915,  95,  96
828,  831,  249,  250
1299,  1302,  169,  170
1847,  1848,  107,  110
721,  728,  775,  775
1380,  1387,  162,  162
1895,  1902,  92,  92
1663,  1670,  124,  124
87,  90,  1056,  1057
1071,  1073,  218,  220
713,  716,  772,  773
1511,  1514,  150,  151
852,  853,  731,  734
224,  227,  988,  989
685,  688,  782,  783
2078,  2079,  101,  104
476,  479,  879,  880
2412,  2419,  32,  32
564,  571,  817,  817
1771,  1778,  110,  110
427,  434,  885,  885
1519,  1522,  135,  136
806,  809,  229,  230
1283,  1290,  166,  166
180,  187,  995,  995
825,  832,  714,  714
1035,  1038,  196,  197
2242,  2249,  41,  41
1783,  1790,  113,  113
1047,  1050,  199,  200
1785,  1788,  130,  131
1162,  1169,  180,  180
349,  352,  951,  952
1655,  1658,  121,  122
76,  83,  1037,  1037
2391,  2394,  26,  27
1981,  1982,  112,  115
439,  442,  887,  888
1665,  1672,  142,  142
76,  79,  1053,  1054
1654,  1657,  138,  139
2365,  2366,  63,  66
2286,  2289,  65,  66
816,  819,  249,  250
2016,  2019,  95,  96
576,  583,  820,  820
2017,  2024,  79,  79
1395,  1402,  149,  149
809,  812,  726,  727
2418,  2425,  51,  51
2135,  2142,  62,  62
1462,  1463,  196,  199
2258,  2261,  44,  45
846,  849,  295,  296
814,  821,  232,  232
239,  240,  1003,  1006
2200,  2201,  84,  87
689,  692,  766,  767
972,  973,  282,  285
1887,  1890,  89,  90
608,  609,  838,  841
902,  909,  223,  223
592,  595,  823,  824
2149,  2152,  82,  83
110,  117,  1062,  1062
1055,  1062,  202,  202
405,  406,  896,  899
1256,  1262,  176,  176
1005,  1006,  232,  235
88,  95,  1040,  1040
1953,  1954,  136,  139
996,  997,  656,  659
2300,  2300,  1236,  1242
2738,  2744,  1112,  1112
2689,  2695,  1120,  1120
1422,  1428,  173,  173
1010,  1010,  688,  694
508,  511,  906,  907
1798,  1801,  130,  131
265,  266,  1015,  1017
828,  834,  732,  732
750,  751,  249,  251
3006,  3012,  1069,  1069
929,  935,  230,  230
3386,  3387,  964,  966
99,  105,  1060,  1060
275,  276,  976,  978
708,  714,  789,  789
1910,  1916,  113,  113
3098,  3104,  1055,  1055
3131,  3136,  1050,  1050
3330,  3332,  994,  995
2726,  2731,  1114,  1114
3209,  3214,  1038,  1038
733,  733,  293,  298
974,  975,  265,  267
1845,  1846,  164,  166
1092,  1093,  264,  266
1611,  1612,  117,  119
2647,  2652,  1127,  1127
2659,  2664,  1125,  1125
1233,  1233,  239,  244
1007,  1007,  678,  683
2225,  2226,  66,  68
829,  831,  235,  236
3053,  3058,  1062,  1062
884,  884,  226,  231
2197,  2198,  93,  95
1468,  1469,  182,  184
1538,  1544,  158,  158
323,  329,  945,  945
2610,  2615,  1133,  1133
1724,  1724,  168,  173
3323,  3324,  998,  1000
424,  425,  894,  896
2775,  2780,  1106,  1106
790,  790,  731,  736
3196,  3201,  1040,  1040
2935,  2940,  1080,  1080
1228,  1229,  202,  204
142,  143,  1048,  1050
1465,  1466,  189,  191
2305,  2305,  1221,  1226
643,  645,  855,  856
754,  755,  779,  781
1962,  1963,  114,  116
630,  632,  855,  856
56,  57,  1060,  1062
1865,  1865,  108,  113
745,  746,  262,  264
3336,  3337,  990,  992
2702,  2707,  1118,  1118
1838,  1840,  178,  179
2824,  2829,  1098,  1098
2861,  2866,  1092,  1092
2634,  2639,  1129,  1129
3343,  3345,  986,  987
1377,  1377,  168,  173
945,  946,  216,  218
1709,  1709,  158,  163
1486,  1487,  135,  137
730,  731,  301,  303
846,  846,  279,  284
1849,  1849,  153,  158
2203,  2203,  77,  82
2961,  2966,  1076,  1076
2714,  2719,  1116,  1116
2974,  2979,  1074,  1074
3267,  3272,  1029,  1029
2094,  2094,  109,  114
3183,  3188,  1042,  1042
541,  541,  852,  857
1714,  1715,  194,  196
533,  534,  874,  876
2787,  2792,  1104,  1104
3369,  3371,  970,  971
1960,  1962,  165,  166
1967,  1968,  101,  103
1475,  1476,  214,  216
1353,  1354,  185,  187
1736,  1736,  134,  139
854,  855,  258,  260
1490,  1491,  172,  174
762,  763,  758,  760
2048,  2049,  98,  100
1977,  1978,  75,  77
989,  990,  748,  750
3375,  3376,  966,  968
2066,  2067,  134,  136
1594,  1596,  207,  208
2207,  2207,  117,  122
1729,  1730,  106,  108
3349,  3350,  982,  984
1682,  1683,  140,  142
293,  294,  929,  931
486,  487,  894,  896
1457,  1457,  211,  216
1739,  1739,  126,  131
2671,  2676,  1123,  1123
1608,  1609,  125,  127
167,  167,  1031,  1036
1926,  1927,  111,  113
270,  271,  989,  991
3079,  3084,  1058,  1058
422,  422,  899,  904
1850,  1851,  101,  103
139,  140,  1056,  1058
364,  366,  950,  951
3228,  3233,  1035,  1035
3118,  3123,  1052,  1052
2849,  2854,  1094,  1094
3144,  3149,  1048,  1048
2352,  2352,  100,  105
2763,  2768,  1108,  1108
2836,  2841,  1096,  1096
2987,  2992,  1072,  1072
851,  852,  266,  268
3040,  3045,  1064,  1064
2812,  2817,  1100,  1100
1000,  1001,  664,  666
1862,  1862,  116,  121
2313,  2318,  1201,  1201
2904,  2909,  1085,  1085
2916,  2921,  1083,  1083
3157,  3162,  1046,  1046
398,  400,  961,  962
1486,  1486,  183,  188
149,  150,  1030,  1032
526,  526,  894,  899
945,  946,  228,  230
3027,  3032,  1066,  1066
768,  769,  248,  250
1851,  1852,  147,  149
1250,  1250,  191,  196
409,  410,  936,  938
1972,  1972,  137,  142
1496,  1496,  155,  160
3254,  3259,  1031,  1031
1099,  1100,  233,  235
485,  487,  882,  883
1712,  1712,  150,  155
3356,  3358,  978,  979
1478,  1479,  156,  158
1959,  1960,  122,  124
2308,  2308,  1211,  1216
2751,  2756,  1110,  1110
3403,  3404,  981,  983
1437,  1439,  172,  173
2948,  2953,  1078,  1078
991,  992,  271,  273
3066,  3071,  1060,  1060
1605,  1605,  182,  187
2873,  2878,  1090,  1090
1350,  1352,  238,  239
1471,  1472,  174,  176
2800,  2805,  1102,  1102
402,  403,  905,  907
2622,  2627,  1131,  1131
2101,  2102,  89,  91
2165,  2167,  82,  83
51,  52,  1074,  1076
1314,  1315,  185,  187
2370,  2371,  49,  51
995,  996,  768,  770
769,  769,  740,  744
1466,  1470,  225,  225
979,  980,  252,  254
2885,  2890,  1088,  1088
2086,  2086,  82,  86
3362,  3363,  974,  976
1582,  1583,  193,  195
1948,  1948,  151,  155
2188,  2188,  117,  121
881,  881,  235,  239
873,  873,  209,  213
865,  865,  230,  234
1096,  1096,  241,  245
152,  153,  1022,  1024
2357,  2358,  37,  39
1483,  1483,  143,  147
1252,  1253,  185,  187
785,  785,  745,  749
2091,  2091,  69,  73
1128,  1128,  204,  208
60,  64,  1049,  1049
403,  403,  953,  957
870,  870,  217,  221
1134,  1138,  189,  189
1608,  1608,  174,  178
644,  644,  804,  808
749,  749,  302,  306
1742,  1746,  119,  119
609,  609,  829,  833
518,  518,  865,  869
48,  48,  1035,  1039
1483,  1483,  192,  196
1617,  1618,  148,  150
648,  648,  844,  848
755,  755,  236,  240
2206,  2206,  70,  74
988,  988,  229,  233
1357,  1357,  225,  229
1457,  1457,  218,  222
989,  989,  277,  281
2195,  2195,  99,  103
333,  337,  947,  947
1549,  1553,  160,  160
1106,  1106,  215,  219
638,  638,  820,  824
22,  22,  1103,  1107
649,  649,  791,  795
742,  742,  270,  274
159,  159,  1004,  1008
2073,  2073,  116,  120
1010,  1010,  731,  735
1125,  1125,  212,  216
529,  529,  886,  890
513,  513,  878,  882
1843,  1843,  170,  174
1109,  1109,  207,  211
1233,  1233,  189,  193
2197,  2201,  132,  132
412,  412,  879,  883
2210,  2210,  109,  113
1014,  1018,  208,  208
1365,  1365,  154,  158
641,  641,  812,  816
391,  391,  934,  938
1965,  1965,  157,  161
120,  120,  1049,  1053
1001,  1001,  195,  199
987,  987,  669,  673
1243,  1243,  163,  167
1718,  1718,  135,  139
2081,  2081,  95,  99
27,  27,  1090,  1094
1715,  1715,  143,  147
1826,  1826,  164,  168
766,  766,  254,  258
1700,  1700,  182,  186
1374,  1374,  177,  181
1119,  1119,  181,  185
1342,  1342,  214,  218
601,  605,  826,  826
1873,  1873,  1298,  1302
857,  857,  251,  255
2346,  2346,  66,  70
759,  759,  766,  770
1142,  1145,  191,  191
1240,  1240,  171,  175
860,  860,  243,  247
1360,  1360,  167,  171
1116,  1116,  189,  193
864,  864,  283,  287
396,  396,  921,  925
2217,  2217,  41,  45
546,  546,  838,  842
164,  164,  991,  995
2355,  2355,  92,  96
1839,  1839,  130,  134
1338,  1338,  233,  237
232,  236,  991,  991
28,  32,  1127,  1127
1238,  1238,  177,  180
1589,  1589,  175,  179
1974,  1974,  83,  87
764,  765,  799,  800
1834,  1834,  143,  147
399,  399,  913,  917
366,  366,  939,  943
1179,  1182,  184,  184
282,  282,  958,  962
1481,  1482,  149,  150
19,  19,  1111,  1115
92,  95,  1041,  1041
1770,  1773,  126,  126
1275,  1278,  164,  164
1880,  1880,  1281,  1284
1844,  1844,  117,  121
697,  700,  769,  769
443,  446,  888,  888
1180,  1183,  201,  201
3279,  3280,  1026,  1027
151,  152,  1071,  1072
1046,  1049,  216,  216
240,  240,  994,  997
34,  35,  1122,  1123
1868,  1871,  101,  101
2159,  2162,  68,  68
203,  206,  1022,  1022
994,  994,  730,  733
1829,  1832,  179,  179
1399,  1402,  166,  166
935,  938,  214,  214
80,  83,  1054,  1054
1927,  1927,  100,  103
580,  583,  821,  821
281,  281,  1011,  1014
327,  330,  929,  929
1879,  1882,  104,  104
1414,  1417,  170,  170
199,  202,  999,  999
829,  832,  715,  715
910,  913,  246,  246
981,  981,  657,  660
768,  768,  793,  796
419,  419,  908,  911
180,  183,  994,  994
1031,  1034,  196,  196
1380,  1383,  161,  161
809,  812,  710,  710
315,  318,  942,  942
341,  344,  949,  949
1665,  1668,  141,  141
2276,  2279,  66,  66
1023,  1026,  210,  210
984,  985,  665,  666
2268,  2271,  64,  64
389,  392,  962,  962
100,  103,  1043,  1043
839,  842,  734,  734
1789,  1792,  131,  131
2188,  2188,  127,  130
1762,  1765,  124,  124
1515,  1518,  135,  135
677,  680,  780,  780
820,  823,  250,  250
1438,  1439,  160,  161
2130,  2133,  77,  77
1407,  1410,  152,  152
927,  930,  212,  212
2166,  2167,  70,  71
1667,  1670,  125,  125
2348,  2349,  111,  112
1972,  1972,  89,  92
2246,  2249,  42,  42
808,  811,  247,  247
273,  273,  982,  985
1951,  1954,  166,  166
343,  346,  933,  933
3407,  3408,  986,  987
214,  217,  1003,  1003
2283,  2286,  51,  51
2048,  2049,  87,  88
2153,  2156,  83,  83
1755,  1758,  122,  122
3445,  3446,  1024,  1025
2416,  2419,  33,  33
3284,  3285,  1023,  1024
212,  215,  986,  986
2395,  2398,  44,  44
1282,  1285,  182,  182
818,  821,  233,  233
2034,  2037,  83,  83
1643,  1646,  119,  119
2403,  2406,  46,  46
307,  310,  940,  940
22,  25,  1127,  1127
1217,  1220,  253,  253
786,  789,  225,  225
1552,  1555,  144,  144
3441,  3442,  1020,  1021
700,  703,  786,  786
2021,  2024,  80,  80
1651,  1654,  121,  121
1515,  1518,  151,  151
2380,  2383,  40,  40
1899,  1902,  93,  93
887,  890,  218,  218
2261,  2264,  62,  62
3398,  3399,  977,  978
1287,  1290,  167,  167
549,  552,  829,  829
2387,  2390,  26,  26
801,  804,  245,  245
719,  722,  791,  791
849,  849,  273,  276
2238,  2241,  56,  56
1004,  1004,  671,  674
173,  173,  1014,  1017
725,  728,  791,  791
2035,  2038,  100,  100
1166,  1169,  181,  181
1631,  1634,  132,  132
1557,  1558,  157,  158
1371,  1371,  185,  188
2274,  2277,  49,  49
3390,  3391,  969,  970
2127,  2130,  60,  60
994,  994,  263,  266
1682,  1683,  129,  130
1530,  1533,  155,  155
1733,  1733,  143,  146
1059,  1062,  203,  203
1295,  1298,  169,  169
1759,  1762,  107,  107
195,  198,  982,  982
2594,  2597,  1136,  1136
68,  71,  1051,  1051
731,  731,  779,  782
80,  83,  1038,  1038
1461,  1464,  225,  225
3419,  3420,  998,  999
439,  442,  871,  871
1424,  1427,  156,  156
2332,  2332,  110,  113
1061,  1064,  220,  220
1043,  1046,  199,  199
1675,  1678,  127,  127
2220,  2221,  80,  81
1725,  1725,  118,  121
685,  688,  766,  766
1187,  1190,  186,  186
473,  476,  896,  896
786,  789,  241,  241
1902,  1905,  110,  110
2432,  2433,  37,  38
579,  582,  837,  837
588,  591,  823,  823
1399,  1402,  150,  150
2424,  2427,  35,  35
921,  924,  227,  227
801,  804,  724,  724
999,  999,  761,  764
1154,  1157,  194,  194
1531,  1534,  139,  139
763,  763,  262,  265
2246,  2249,  58,  58
571,  574,  835,  835
472,  475,  879,  879
1220,  1220,  224,  227
2147,  2150,  65,  65
992,  992,  684,  687
1214,  1214,  247,  250
793,  796,  243,  243
220,  223,  988,  988
1104,  1104,  221,  224
463,  466,  877,  877
1646,  1649,  136,  136
1887,  1890,  106,  106
3394,  3395,  973,  974
1997,  2000,  90,  90
984,  984,  760,  763
914,  917,  209,  209
428,  431,  884,  884
564,  567,  833,  833
2418,  2421,  50,  50
731,  731,  785,  788
820,  823,  729,  729
1315,  1315,  174,  177
902,  905,  206,  206
1908,  1911,  95,  95
2020,  2023,  96,  96
455,  458,  875,  875
353,  356,  952,  952
1615,  1615,  154,  157
1707,  1707,  165,  168
351,  354,  935,  935
817,  820,  712,  712
778,  781,  239,  239
2345,  2346,  115,  116
1787,  1790,  114,  114
2115,  2118,  73,  73
994,  994,  693,  696
120,  120,  1055,  1058
2253,  2256,  60,  60
1544,  1547,  142,  142
1883,  1886,  89,  89
2230,  2233,  54,  54
1053,  1056,  218,  218
992,  992,  739,  742
556,  559,  831,  831
802,  805,  229,  229
981,  981,  766,  769
2005,  2008,  92,  92
2410,  2413,  48,  48
2266,  2269,  47,  47
1859,  1859,  125,  128
113,  116,  1046,  1046
177,  177,  1003,  1006
447,  450,  873,  873
1416,  1419,  154,  154
458,  461,  892,  892
3423,  3424,  1002,  1003
837,  840,  717,  717
335,  338,  931,  931
709,  712,  772,  772
1165,  1168,  197,  197
1108,  1108,  260,  263
3415,  3416,  994,  995
1391,  1394,  164,  164
730,  730,  309,  312
3437,  3438,  1016,  1017
2005,  2008,  76,  76
794,  797,  227,  227
2335,  2337,  116,  116
1990,  1993,  88,  88
1775,  1778,  111,  111
594,  597,  841,  841
2400,  2403,  29,  29
1154,  1157,  178,  178
1267,  1270,  178,  178
2338,  2338,  89,  91
1297,  1300,  186,  186
1038,  1041,  214,  214
523,  523,  902,  904
568,  571,  818,  818
974,  975,  284,  285
2254,  2257,  44,  44
3411,  3412,  990,  991
746,  746,  310,  312
1700,  1700,  191,  193
91,  94,  1057,  1057
1307,  1310,  172,  172
1953,  1953,  140,  142
2139,  2142,  63,  63
2099,  2099,  95,  98
1538,  1540,  157,  157
992,  992,  268,  270
902,  905,  222,  222
421,  421,  902,  904
207,  209,  1001,  1001
1462,  1462,  200,  202
2213,  2213,  54,  56
985,  986,  284,  285
1705,  1705,  171,  173
1235,  1235,  233,  235
846,  846,  292,  294
1923,  1925,  113,  113
1967,  1967,  151,  153
1988,  1988,  92,  94
1594,  1594,  164,  166
1717,  1717,  188,  190
1723,  1723,  124,  126
2096,  2096,  58,  60
1622,  1622,  134,  136
2332,  2332,  105,  107
1971,  1971,  140,  142
991,  991,  223,  225
2089,  2089,  123,  125
662,  662,  804,  806
1602,  1602,  191,  193
778,  778,  765,  767
1976,  1976,  126,  128
3427,  3428,  1006,  1007
2123,  2125,  75,  75
99,  101,  1059,  1059
2433,  2433,  47,  49
1582,  1582,  203,  205
2013,  2015,  116,  116
645,  645,  852,  854
1120,  1120,  226,  228
1970,  1970,  96,  98
145,  145,  1043,  1045
1365,  1365,  202,  204
849,  851,  734,  734
650,  650,  838,  840
1290,  1292,  184,  184
508,  508,  903,  905
2193,  2193,  106,  108
34,  34,  1074,  1076
1778,  1780,  128,  128
1491,  1491,  169,  171
1094,  1096,  266,  266
301,  301,  955,  957
47,  47,  1086,  1088
1523,  1525,  175,  175
2353,  2353,  50,  52
1504,  1506,  148,  148
1639,  1641,  134,  134
536,  536,  866,  868
2028,  2030,  98,  98
2204,  2204,  77,  79
1439,  1439,  169,  171
533,  533,  828,  830
2071,  2071,  123,  125
366,  366,  947,  949
483,  485,  896,  896
1432,  1434,  158,  158
2351,  2351,  103,  105
2336,  2336,  94,  96
1596,  1596,  159,  161
2223,  2223,  72,  74
831,  831,  237,  239
2087,  2087,  129,  131
535,  535,  823,  825
2216,  2216,  92,  94
487,  487,  884,  886
410,  410,  933,  935
776,  776,  724,  726
1738,  1738,  129,  131
525,  525,  849,  851
929,  931,  229,  229
2212,  2212,  103,  105
708,  710,  788,  788
870,  870,  266,  268
1173,  1175,  199,  199
1602,  1602,  143,  145
1006,  1006,  745,  747
2042,  2044,  85,  85
1984,  1984,  103,  105
752,  752,  795,  797
293,  293,  977,  979
2078,  2078,  105,  107
2193,  2195,  132,  132
425,  425,  891,  893
856,  858,  296,  296
734,  734,  293,  295
405,  405,  947,  949
1861,  1861,  119,  121
1008,  1008,  739,  741
2311,  2311,  1205,  1207
794,  796,  722,  722
1495,  1495,  158,  160
1523,  1525,  153,  153
1710,  1710,  158,  160
825,  827,  250,  250
977,  977,  260,  262
1349,  1349,  198,  200
1891,  1893,  129,  129
3289,  3291,  1020,  1020
1910,  1912,  112,  112
1887,  1887,  1265,  1267
1031,  1033,  212,  212
1214,  1214,  241,  243
813,  815,  727,  727
147,  147,  1037,  1039
774,  774,  776,  778
3325,  3327,  998,  998
2191,  2191,  111,  113
2209,  2209,  64,  66
2045,  2047,  100,  100
1525,  1525,  179,  181
1114,  1114,  196,  198
1485,  1485,  186,  188
32,  32,  1079,  1081
1473,  1473,  220,  222
1493,  1493,  163,  165
605,  607,  841,  841
1604,  1604,  138,  140
2388,  2390,  42,  42
386,  386,  957,  959
847,  847,  279,  281
156,  156,  1062,  1064
654,  654,  827,  829
2351,  2351,  55,  57
630,  630,  852,  854
772,  772,  782,  784
1624,  1626,  130,  130
1948,  1948,  161,  163
854,  854,  261,  263
1073,  1073,  208,  210
3294,  3296,  1017,  1017
1592,  1592,  169,  171
1010,  1010,  217,  219
1188,  1190,  201,  201
1232,  1232,  242,  244
1256,  1258,  175,  175
1247,  1247,  200,  202
44,  44,  1048,  1050
287,  287,  947,  949
772,  772,  734,  736
2289,  2289,  54,  56
2167,  2167,  79,  81
1723,  1723,  171,  173
179,  179,  997,  999
3307,  3309,  1009,  1009
1249,  1249,  194,  196
54,  54,  1066,  1068
160,  160,  1051,  1053
755,  757,  800,  800
1006,  1006,  678,  680
115,  117,  1061,  1061
1224,  1224,  215,  217
1193,  1193,  189,  191
1847,  1847,  111,  113
2142,  2144,  80,  80
697,  697,  811,  813
1474,  1474,  169,  171
1969,  1969,  146,  148
3315,  3317,  1004,  1004
37,  37,  1114,  1116
323,  325,  944,  944
1735,  1735,  137,  139
86,  86,  1077,  1079
1679,  1681,  142,  142
42,  42,  1053,  1055
868,  868,  271,  273
587,  589,  839,  839
1230,  1230,  248,  250
169,  169,  980,  982
1719,  1719,  182,  184
652,  652,  832,  834
789,  789,  734,  736
851,  851,  269,  271
982,  982,  247,  249
30,  30,  1084,  1086
996,  996,  257,  259
2104,  2104,  81,  83
914,  916,  225,  225
299,  299,  960,  962
3364,  3366,  974,  974
43,  43,  1097,  1099
666,  666,  793,  795
1239,  1239,  222,  224
2204,  2204,  126,  128
883,  883,  229,  231
1002,  1002,  756,  758
2081,  2081,  145,  147
769,  769,  245,  247
394,  394,  928,  930
2306,  2306,  1221,  1223
668,  668,  787,  789
3302,  3304,  1012,  1012
1587,  1587,  182,  184
525,  525,  897,  899
2211,  2211,  59,  61
1620,  1620,  140,  142
45,  45,  1091,  1093
1854,  1854,  139,  141
1721,  1721,  177,  179
1338,  1338,  227,  229
913,  913,  250,  252
266,  266,  1002,  1004
451,  453,  912,  912
1118,  1118,  232,  234
2206,  2206,  120,  122
1222,  1222,  220,  222
636,  636,  827,  829
654,  654,  780,  782
3377,  3379,  966,  966
774,  774,  729,  731
972,  972,  273,  275
407,  407,  942,  944
1243,  1243,  211,  213
1009,  1009,  688,  690
192,  194,  997,  997
268,  268,  997,  999
2083,  2083,  140,  142
1986,  1986,  98,  100
166,  166,  1034,  1036
2013,  2015,  94,  94
1480,  1480,  200,  202
730,  730,  304,  306
303,  303,  949,  951
466,  468,  894,  894
990,  990,  676,  678
751,  751,  296,  298
1801,  1801,  127,  129
849,  851,  720,  720
531,  531,  833,  835
872,  872,  260,  262
1478,  1478,  206,  208
2400,  2400,  67,  69
523,  523,  854,  856
1895,  1897,  108,  108
772,  774,  237,  237
942,  944,  216,  216
878,  878,  243,  245
2131,  2133,  99,  99
226,  228,  1006,  1006
57,  57,  1057,  1059
1008,  1008,  223,  225
995,  995,  213,  215
741,  743,  315,  315
993,  993,  218,  220
1114,  1114,  243,  245
866,  866,  277,  279
1193,  1193,  196,  198
2076,  2078,  149,  149
287,  287,  994,  996
1864,  1864,  111,  113
1600,  1600,  196,  198
531,  531,  880,  882
2228,  2228,  58,  60
656,  656,  821,  823
1585,  1587,  208,  208
1422,  1424,  172,  172
1279,  1281,  203,  203
2398,  2400,  73,  73
2368,  2368,  55,  57
2359,  2359,  80,  82
770,  770,  787,  789
1068,  1070,  220,  220
1647,  1649,  158,  158
1012,  1012,  212,  214
630,  630,  843,  845
733,  735,  315,  315
861,  861,  291,  293
609,  609,  835,  837
2340,  2340,  84,  86
2301,  2301,  1236,  1238
780,  780,  759,  761
39,  39,  1108,  1110
1403,  1405,  189,  189
656,  656,  775,  777
1407,  1409,  168,  168
1796,  1798,  116,  116
1368,  1368,  148,  150
817,  819,  750,  750
285,  285,  1000,  1002
359,  361,  937,  937
895,  897,  220,  220
726,  728,  776,  776
1006,  1006,  229,  231
2303,  2303,  1230,  1232
1476,  1476,  211,  213
826,  828,  235,  235
689,  691,  783,  783
1225,  1227,  253,  253
414,  414,  922,  924
2108,  2110,  71,  71
1347,  1347,  203,  205
3338,  3340,  990,  990
782,  782,  708,  710
2289,  2289,  62,  64
1848,  1848,  156,  158
1376,  1376,  171,  173
2093,  2093,  112,  114
874,  874,  254,  256
2309,  2309,  1211,  1213
1237,  1237,  228,  230
1112,  1112,  249,  251
1465,  1465,  192,  194
451,  453,  890,  890
831,  831,  246,  248
291,  291,  983,  985
1728,  1728,  157,  159
289,  289,  942,  944
1363,  1363,  208,  210
162,  162,  1045,  1047
757,  757,  279,  281
1600,  1600,  148,  150
1275,  1277,  180,  180
736,  736,  288,  290
2091,  2091,  118,  120
1982,  1982,  109,  111
1130,  1130,  198,  200
755,  755,  285,  287
2069,  2071,  149,  149
2106,  2106,  75,  77
1359,  1359,  219,  221
1965,  1965,  109,  111
540,  540,  855,  857
787,  787,  739,  741
1610,  1610,  168,  170
1068,  1070,  205,  205
2089,  2089,  76,  78
2066,  2066,  144,  146
2214,  2214,  97,  99
518,  520,  907,  907
2357,  2357,  86,  88
543,  543,  846,  848
1683,  1683,  138,  139
236,  238,  1006,  1006
1658,  1660,  139,  139
760,  760,  225,  227
3351,  3353,  982,  982
1920,  1922,  98,  98
1826,  1826,  174,  176
2215,  2215,  49,  50
162,  162,  999,  1000
40,  40,  1058,  1060
1122,  1122,  175,  177
1832,  1832,  151,  152
142,  144,  1072,  1072
982,  982,  659,  660
283,  283,  958,  959
2355,  2355,  45,  46
1110,  1110,  207,  208
2361,  2361,  75,  77
998,  998,  251,  253
944,  944,  229,  230
1713,  1713,  150,  152
280,  280,  966,  967
1097,  1097,  241,  242
410,  410,  887,  888
387,  387,  947,  948
2357,  2357,  40,  41
514,  514,  878,  879
1604,  1604,  185,  187
402,  402,  908,  909
206,  206,  1023,  1024
516,  516,  873,  874
664,  664,  799,  800
1964,  1964,  160,  161
1127,  1127,  207,  208
1740,  1740,  123,  124
1716,  1716,  143,  144
1973,  1973,  89,  90
748,  748,  305,  306
863,  863,  238,  239
239,  239,  994,  995
285,  285,  953,  954
1234,  1234,  189,  190
2189,  2189,  129,  130
1314,  1314,  174,  175
2433,  2433,  39,  40
1977,  1977,  78,  79
297,  297,  966,  967
1719,  1719,  135,  136
828,  830,  731,  731
1607,  1607,  177,  178
575,  575,  862,  863
52,  52,  1072,  1073
278,  278,  1016,  1017
672,  673,  778,  778
645,  645,  804,  805
1366,  1366,  154,  155
1829,  1829,  159,  160
1598,  1598,  154,  155
1482,  1482,  195,  196
1241,  1241,  171,  172
1721,  1721,  130,  131
206,  206,  1027,  1028
2200,  2200,  88,  89
748,  748,  257,  258
392,  392,  934,  935
1683,  1683,  131,  132
778,  778,  719,  720
1102,  1102,  228,  229
35,  35,  1120,  1121
2196,  2196,  99,  100
415,  415,  874,  875
1339,  1339,  236,  237
1340,  1340,  222,  223
1883,  1883,  1276,  1277
2074,  2074,  116,  117
1967,  1967,  104,  105
1796,  1797,  131,  131
1356,  1356,  228,  229
647,  647,  847,  848
1439,  1439,  162,  163
240,  240,  1001,  1002
633,  634,  856,  856
512,  513,  907,  907
265,  265,  1013,  1014
402,  402,  956,  957
1351,  1351,  193,  194
1766,  1767,  153,  153
1158,  1159,  223,  223
861,  861,  243,  244
400,  400,  913,  914
1072,  1073,  217,  217
293,  293,  932,  933
1611,  1611,  120,  121
487,  487,  892,  893
142,  142,  1051,  1052
984,  984,  242,  243
1354,  1354,  233,  234
274,  274,  982,  983
167,  167,  986,  987
1866,  1866,  105,  106
1955,  1955,  136,  137
998,  998,  763,  764
2087,  2087,  82,  83
2167,  2167,  72,  73
2344,  2344,  74,  75
1842,  1842,  125,  126
1363,  1363,  162,  163
757,  757,  774,  775
1094,  1094,  249,  250
331,  332,  968,  968
46,  46,  1043,  1044
819,  819,  755,  756
1836,  1837,  179,  179
1216,  1216,  236,  237
1348,  1349,  239,  239
760,  760,  766,  767
1855,  1855,  91,  92
1850,  1850,  104,  105
2347,  2347,  66,  67
2209,  2209,  112,  113
765,  765,  753,  754
1606,  1606,  133,  134
1742,  1743,  118,  118
1343,  1343,  214,  215
139,  139,  1068,  1069
527,  527,  844,  845
1468,  1468,  185,  186
987,  987,  756,  757
1975,  1975,  83,  84
1104,  1105,  266,  266
770,  770,  740,  741
880,  880,  238,  239
2082,  2082,  95,  96
1218,  1218,  231,  232
1842,  1842,  173,  174
158,  158,  1057,  1058
1827,  1827,  164,  165
2085,  2085,  135,  136
658,  658,  770,  771
2255,  2255,  87,  88
2360,  2360,  32,  33
86,  86,  1082,  1083
389,  389,  942,  943
765,  765,  257,  258
1486,  1486,  138,  139
1353,  1353,  188,  189
853,  853,  724,  725
752,  752,  787,  788
979,  979,  255,  256
545,  545,  841,  842
2255,  2255,  82,  83
1608,  1608,  128,  129
511,  511,  886,  887
289,  289,  989,  990
650,  650,  791,  792
1582,  1582,  196,  197
1458,  1458,  211,  212
866,  866,  230,  231
160,  160,  1004,  1005
797,  797,  271,  272
1120,  1120,  181,  182
412,  412,  928,  929
868,  868,  225,  226
989,  989,  751,  752
164,  164,  1040,  1041
853,  853,  729,  730
989,  989,  229,  230
2092,  2092,  69,  70
1713,  1713,  195,  196
2049,  2049,  89,  90
2226,  2226,  64,  65
408,  408,  892,  893
2354,  2354,  95,  96
1525,  1525,  176,  177
652,  652,  786,  787
1228,  1228,  205,  206
1315,  1315,  183,  184
1092,  1092,  262,  263
1038,  1039,  236,  236
1004,  1004,  752,  753
999,  999,  203,  204
997,  997,  208,  209
3385,  3385,  964,  965
695,  696,  813,  813
658,  658,  816,  817
2084,  2084,  90,  91
2366,  2366,  61,  62
1558,  1558,  147,  148
291,  291,  937,  938
19,  19,  1123,  1124
1253,  1253,  183,  184
574,  575,  858,  858
1241,  1241,  217,  218
32,  32,  1125,  1126
2066,  2066,  137,  138
171,  171,  1020,  1021
871,  871,  217,  218
1701,  1701,  182,  183
1361,  1361,  167,  168
2200,  2201,  131,  131
988,  988,  672,  673
1000,  1000,  246,  247
863,  863,  286,  287
1962,  1962,  117,  118
985,  985,  760,  761
1878,  1878,  1288,  1289
38,  38,  1064,  1065
1846,  1846,  162,  163
1458,  1458,  221,  222
1116,  1116,  238,  239
1590,  1590,  175,  176
41,  41,  1103,  1104
1476,  1476,  164,  165
1236,  1236,  184,  185
1367,  1367,  197,  198
1974,  1974,  132,  133
639,  639,  820,  821
1099,  1099,  236,  237
2362,  2362,  27,  28
754,  754,  782,  783
632,  632,  838,  839
267,  268,  1017,  1017
528,  528,  889,  890
670,  670,  782,  783
2049,  2049,  96,  97
647,  647,  799,  800
758,  758,  231,  232
152,  152,  1025,  1026
607,  608,  829,  829
604,  605,  827,  827
1598,  1598,  202,  203
1002,  1002,  195,  196
850,  851,  296,  296
1231,  1231,  197,  198
1003,  1003,  671,  672
745,  745,  265,  266
767,  767,  748,  749
155,  155,  1017,  1018
780,  780,  714,  715
283,  283,  1006,  1007
642,  642,  812,  813
1124,  1124,  215,  216
1484,  1484,  143,  144
331,  332,  974,  974
1885,  1885,  1271,  1272
1585,  1585,  188,  189
84,  85,  1077,  1077
1840,  1840,  130,  131
534,  534,  872,  873
270,  270,  992,  993
743,  743,  270,  271
2349,  2349,  109,  110
1464,  1464,  196,  197
1592,  1593,  208,  208
1837,  1837,  138,  139
1361,  1361,  214,  215
483,  484,  882,  882
3433,  3434,  1013,  1013
1373,  1373,  180,  181
1958,  1959,  166,  166
25,  25,  1098,  1099
139,  139,  1059,  1060
753,  753,  291,  292
1244,  1244,  163,  164
762,  763,  800,  800
762,  762,  761,  762
986,  986,  237,  238
2102,  2102,  87,  88
1481,  1481,  151,  152
756,  756,  236,  237
1313,  1313,  186,  187
1801,  1801,  119,  120
405,  405,  900,  901
993,  993,  265,  266
1004,  1004,  234,  235
1159,  1159,  217,  218
119,  119,  1049,  1050
28,  28,  1090,  1091
1478,  1478,  159,  160
738,  738,  283,  284
634,  634,  833,  834
974,  974,  268,  269
36,  36,  1069,  1070
1852,  1852,  145,  146
3431,  3431,  1010,  1011
165,  165,  991,  992
740,  740,  278,  279
2221,  2221,  78,  79
1729,  1729,  109,  110
396,  397,  962,  962
972,  972,  280,  281
660,  660,  765,  766
365,  365,  939,  940
1881,  1881,  1281,  1282
1460,  1460,  206,  207
2197,  2197,  96,  97
1849,  1849,  107,  108
753,  753,  244,  245
1471,  1471,  177,  178
997,  997,  660,  661
1874,  1874,  1298,  1299
2163,  2164,  83,  83
275,  275,  979,  980
1343,  1344,  239,  239
1110,  1110,  255,  256
521,  521,  860,  861
1435,  1436,  173,  173
1618,  1618,  146,  147
413,  413,  879,  880
2076,  2076,  111,  112
776,  776,  771,  772
1703,  1703,  195,  196
982,  982,  766,  767
157,  157,  1012,  1013
2207,  2207,  70,  71
759,  759,  274,  275
1727,  1727,  114,  115
2374,  2375,  38,  38
1226,  1226,  210,  211
1703,  1703,  177,  178
2189,  2189,  117,  118
1959,  1959,  125,  126
2400,  2400,  71,  72
397,  397,  921,  922
1926,  1926,  100,  101
1039,  1039,  241,  242
1831,  1831,  154,  155
2371,  2371,  47,  48
2342,  2342,  79,  80
49,  49,  1035,  1036
2069,  2069,  129,  130
1949,  1949,  151,  152
1726,  1726,  163,  164
23,  23,  1103,  1104
509,  509,  891,  892
519,  519,  865,  866
3402,  3402,  981,  982
529,  529,  839,  840
1876,  1876,  1293,  1294
819,  819,  751,  752
874,  874,  209,  210
2428,  2429,  51,  51
20,  20,  1111,  1112
858,  858,  251,  252
1001,  1001,  667,  668
2094,  2094,  64,  65
984,  984,  663,  664
2218,  2218,  41,  42
641,  642,  856,  856
1107,  1107,  215,  216
1927,  1927,  109,  110
2080,  2080,  101,  102
995,  995,  656,  657
1853,  1853,  96,  97
1951,  1951,  146,  147
2349,  2349,  61,  62
988,  988,  280,  281
1358,  1358,  175,  176
175,  175,  1009,  1010
149,  149,  1033,  1034
1117,  1117,  189,  190
1835,  1835,  143,  144
1092,  1092,  254,  255
1766,  1767,  147,  147
1352,  1352,  237,  237
278,  278,  971,  972
1221,  1221,  224,  224
913,  913,  247,  248
1014,  1015,  207,  207
537,  537,  818,  819
1345,  1345,  209,  210
1845,  1845,  117,  118
522,  522,  904,  904
860,  860,  293,  293
1312,  1312,  187,  187
1112,  1112,  202,  203
2334,  2334,  100,  101
750,  750,  252,  253
1956,  1956,  133,  134
851,  851,  733,  733
2133,  2133,  100,  100
1726,  1726,  118,  118
238,  238,  994,  994
1925,  1925,  100,  100
363,  363,  951,  951
1649,  1649,  164,  164
2015,  2015,  122,  122
1356,  1356,  180,  181
784,  784,  748,  749
2166,  2166,  81,  81
1715,  1715,  193,  193
1039,  1039,  237,  237
1105,  1105,  221,  221
1190,  1190,  187,  187
574,  574,  863,  863
3424,  3424,  1004,  1004
1951,  1951,  165,  165
3281,  3281,  1026,  1026
797,  797,  266,  266
3404,  3404,  984,  984
575,  575,  859,  859
1405,  1405,  190,  190
486,  486,  884,  884
149,  150,  1072,  1072
1070,  1070,  219,  219
3418,  3418,  998,  998
3412,  3412,  992,  992
172,  172,  1017,  1017
3426,  3426,  1006,  1006
1001,  1001,  758,  758
743,  743,  314,  314
3442,  3442,  1022,  1022
20,  20,  1124,  1124
389,  389,  961,  961
3351,  3351,  983,  983
1583,  1583,  205,  205
3377,  3377,  967,  967
2203,  2203,  128,  128
2333,  2333,  113,  113
3320,  3320,  1002,  1002
3356,  3356,  980,  980
31,  31,  1126,  1126
767,  767,  796,  796
1107,  1107,  263,  263
1649,  1649,  159,  159
3397,  3397,  977,  977
2254,  2254,  82,  82
2288,  2288,  64,  64
2431,  2431,  37,  37
3369,  3369,  972,  972
3330,  3330,  996,  996
2254,  2254,  88,  88
3428,  3428,  1008,  1008
547,  547,  835,  835
796,  796,  272,  272
730,  730,  788,  788
154,  154,  1068,  1068
2335,  2335,  115,  115
3389,  3389,  969,  969
1378,  1378,  166,  166
2202,  2202,  84,  84
1070,  1070,  206,  206
1558,  1558,  156,  156
119,  119,  1058,  1058
116,  116,  1047,  1047
1524,  1524,  181,  181
1470,  1470,  224,  224
1038,  1038,  242,  242
520,  520,  906,  906
2069,  2069,  148,  148
3414,  3414,  994,  994
1340,  1340,  237,  237
1192,  1192,  198,  198
1800,  1800,  119,  119
1281,  1281,  204,  204
1239,  1239,  177,  177
912,  912,  252,  252
3387,  3387,  967,  967
631,  631,  854,  854
912,  912,  247,  247
818,  818,  756,  756
2201,  2201,  130,  130
238,  238,  1005,  1005
1712,  1712,  196,  196
2285,  2285,  66,  66
1555,  1555,  145,  145
485,  485,  895,  895
3444,  3444,  1024,  1024
1072,  1072,  208,  208
1467,  1467,  189,  189
3346,  3346,  986,  986
407,  407,  896,  896
3430,  3430,  1010,  1010
946,  946,  227,  227
2047,  2047,  99,  99
1596,  1596,  206,  206
765,  765,  798,  798
1229,  1229,  250,  250
3401,  3401,  981,  981
3436,  3436,  1016,  1016
3410,  3410,  990,  990
509,  509,  905,  905
1701,  1701,  193,  193
400,  400,  960,  960
1254,  1254,  180,  180
1190,  1190,  200,  200
364,  364,  939,  939
1681,  1681,  141,  141
2288,  2288,  54,  54
1227,  1227,  252,  252
85,  85,  1083,  1083
1962,  1962,  164,  164
2090,  2090,  76,  76
2107,  2107,  73,  73
142,  142,  1071,  1071
1888,  1888,  1265,  1265
3438,  3438,  1018,  1018
426,  426,  888,  888
830,  830,  237,  237
944,  944,  217,  217
332,  332,  973,  973
3446,  3446,  1026,  1026
1925,  1925,  112,  112
755,  755,  799,  799
387,  387,  959,  959
333,  333,  946,  946
3294,  3294,  1018,  1018
733,  733,  314,  314
2190,  2190,  130,  130
3434,  3434,  1014,  1014
1958,  1958,  129,  129
731,  731,  312,  312
850,  850,  273,  273
1827,  1827,  176,  176
1281,  1281,  209,  209
3399,  3399,  979,  979
1438,  1438,  171,  171
1158,  1158,  217,  217
2080,  2080,  147,  147
3372,  3372,  970,  970
3299,  3299,  1015,  1015
3422,  3422,  1002,  1002
644,  644,  854,  854
1798,  1798,  117,  117
994,  994,  770,  770
996,  996,  767,  767
1461,  1461,  224,  224
1073,  1073,  216,  216
3391,  3391,  971,  971
770,  770,  243,  243
1556,  1556,  158,  158
3359,  3359,  978,  978
1893,  1893,  135,  135
3408,  3408,  988,  988
3338,  3338,  991,  991
332,  332,  969,  969
697,  697,  808,  808
3315,  3315,  1005,  1005
205,  205,  1028,  1028
2015,  2015,  117,  117
2344,  2344,  116,  116
3325,  3325,  999,  999
1094,  1094,  265,  265
148,  148,  1037,  1037
236,  236,  992,  992
3393,  3393,  973,  973
984,  984,  285,  285
3384,  3384,  964,  964
1105,  1105,  265,  265
3343,  3343,  988,  988
1160,  1160,  195,  195
1217,  1217,  252,  252
176,  176,  1006,  1006
946,  946,  219,  219
2165,  2165,  70,  70
3382,  3382,  964,  964
1585,  1585,  207,  207
943,  943,  230,  230
851,  851,  721,  721
607,  607,  840,  840
1192,  1192,  189,  189
730,  730,  779,  779
1472,  1472,  222,  222
2399,  2399,  67,  67
3416,  3416,  996,  996
2432,  2432,  49,  49
2286,  2286,  52,  52
1829,  1829,  178,  178
885,  885,  223,  223
280,  280,  1014,  1014
3420,  3420,  1000,  1000
830,  830,  248,  248
117,  117,  1060,  1060
3395,  3395,  975,  975
2067,  2067,  146,  146
3406,  3406,  986,  986
365,  365,  949,  949
999,  999,  664,  664
3302,  3302,  1013,  1013
3364,  3364,  975,  975
728,  728,  777,  777
3307,  3307,  1010,  1010
858,  858,  295,  295
1840,  1840,  177,  177
608,  608,  830,  830
847,  847,  294,  294
277,  277,  1017,  1017
728,  728,  790,  790
2072,  2072,  123,  123
1767,  1767,  152,  152
986,  986,  283,  283
976,  976,  285,  285
3289,  3289,  1021,  1021
1215,  1215,  250,  250
1313,  1313,  174,  174
3440,  3440,  1020,  1020
2372,  2372,  44,  44
1437,  1437,  160,  160
1557,  1557,  147,  147
140,  140,  1069,  1069
1681,  1681,  129,  129
453,  453,  918,  918
1708,  1708,  165,  165
22,  22,  1126,  1126
1405,  1405,  195,  195
453,  453,  913,  913
753,  753,  797,  797
2133,  2133,  105,  105
1949,  1949,  163,  163
3333,  3333,  994,  994
1159,  1159,  222,  222
1704,  1704,  196,  196
1893,  1893,  130,  130
745,  745,  312,  312
2047,  2047,  87,  87
267,  267,  1016,  1016
1459,  1459,  222,  222
3312,  3312,  1007,  1007
1800,  1800,  129,  129
3286,  3286,  1023,  1023
